,name,labels_to_delete,weigths,test_acc,best_accuracy,all_labels,all_predictions,pr_rec_f1
0,CNN_glove,[],[],32.996,32.99595141700405,"[1, 0, 0, 5, 7, 4, 7, 1, 3, 1, 5, 2, 0, 0, 8, 0, 7, 3, 2, 7, 4, 1, 4, 7, 5, 1, 1, 5, 0, 2, 0, 1, 5, 3, 2, 7, 4, 0, 0, 3, 0, 5, 0, 6, 1, 2, 7, 7, 5, 3, 2, 1, 7, 4, 0, 4, 5, 1, 3, 5, 1, 7, 7, 4, 0, 4, 1, 5, 1, 6, 1, 5, 7, 1, 5, 8, 0, 5, 0, 0, 3, 2, 1, 4, 7, 1, 1, 1, 2, 4, 3, 6, 5, 7, 1, 6, 4, 7, 8, 7, 2, 4, 1, 7, 0, 1, 3, 4, 0, 8, 8, 4, 4, 2, 6, 8, 1, 2, 8, 5, 4, 5, 1, 2, 7, 5, 8, 4, 4, 7, 4, 1, 7, 0, 0, 0, 7, 1, 4, 1, 7, 5, 4, 8, 8, 1, 1, 4, 7, 5, 0, 8, 8, 1, 0, 5, 0, 3, 1, 0, 7, 1, 7, 4, 0, 1, 0, 7, 7, 1, 0, 0, 7, 0, 3, 5, 1, 1, 0, 8, 8, 5, 2, 0, 0, 0, 7, 5, 1, 5, 0, 1, 8, 2, 3, 1, 0, 5, 5, 2, 0, 5, 7, 7, 4, 0, 7, 3, 5, 6, 5, 8, 7, 5, 4, 7, 7, 1, 5, 1, 5, 1, 1, 5, 8, 4, 7, 1, 2, 0, 2, 0, 5, 5, 0, 2, 0, 5, 1, 4, 7, 6, 1, 5, 8, 2, 0, 7, 7, 8, 2, 7, 8, 5, 4, 7, 5, 8, 1, 0, 5, 3, 5, 8, 4, 7, 1, 0, 1, 5, 0, 5, 1, 4, 0, 3, 0, 7, 4, 4, 1, 4, 7, 7, 4, 0, 2, 7, 6, 2, 7, 7, 0, 7, 1, 2, 7, 5, 7, 1, 1, 3, 0, 0, 3, 7, 5, 5, 0, 7, 4, 0, 2, 4, 2, 5, 0, 1, 2, 0, 5, 8, 5, 2, 0, 8, 4, 5, 0, 4, 8, 5, 7, 6, 3, 2, 5, 5, 0, 1, 1, 0, 7, 7, 1, 2, 5, 2, 1, 7, 7, 2, 6, 0, 4, 3, 3, 4, 4, 2, 2, 1, 1, 6, 8, 4, 4, 7, 8, 7, 1, 0, 4, 5, 4, 2, 0, 0, 4, 0, 7, 5, 3, 1, 7, 3, 7, 1, 5, 2, 5, 2, 1, 4, 1, 4, 0, 4, 2, 0, 4, 4, 2, 4, 1, 1, 8, 7, 0, 1, 8, 0, 6, 4, 2, 2, 5, 2, 0, 2, 1, 7, 4, 0, 2, 1, 4, 4, 8, 0, 1, 7, 1, 7, 4, 1, 4, 0, 4, 7, 8, 1, 0, 8, 2, 0, 1, 2, 5, 5, 7, 4, 0, 6, 2, 5, 4, 7, 7, 1, 7, 5, 7, 6, 3, 4, 4, 0, 1, 2, 5, 2, 7, 6, 3, 7, 2, 0, 1, 5, 1, 7, 1, 2, 1, 7, 4, 3, 7, 7, 2, 3, 7, 5]","[5, 1, 1, 1, 7, 0, 1, 5, 5, 5, 0, 0, 0, 0, 1, 0, 7, 5, 1, 7, 1, 1, 1, 7, 5, 4, 7, 5, 0, 1, 0, 7, 5, 1, 0, 2, 7, 1, 0, 5, 0, 4, 0, 0, 1, 5, 2, 0, 5, 0, 1, 1, 1, 4, 7, 0, 4, 4, 7, 5, 4, 4, 5, 1, 4, 4, 1, 5, 1, 4, 1, 1, 7, 1, 1, 0, 5, 2, 5, 4, 2, 1, 5, 4, 4, 0, 0, 0, 2, 0, 1, 0, 5, 7, 0, 0, 5, 7, 0, 7, 5, 0, 1, 0, 4, 4, 4, 4, 1, 0, 1, 2, 1, 7, 1, 0, 7, 0, 5, 0, 5, 0, 7, 5, 1, 5, 1, 1, 0, 4, 4, 4, 1, 1, 0, 4, 1, 0, 1, 0, 1, 4, 1, 4, 0, 1, 7, 1, 4, 5, 1, 1, 4, 1, 0, 5, 7, 4, 5, 0, 7, 0, 1, 4, 4, 1, 0, 7, 7, 0, 0, 0, 7, 5, 0, 2, 1, 4, 0, 4, 8, 5, 2, 7, 0, 0, 7, 5, 5, 5, 7, 1, 0, 4, 7, 1, 1, 1, 1, 7, 5, 5, 7, 0, 1, 0, 7, 0, 5, 1, 5, 8, 1, 5, 4, 7, 1, 4, 4, 4, 1, 7, 1, 0, 5, 0, 1, 7, 2, 0, 5, 1, 7, 0, 4, 0, 4, 5, 2, 1, 2, 1, 1, 5, 0, 0, 0, 4, 2, 1, 1, 4, 7, 5, 5, 5, 1, 4, 7, 1, 5, 1, 4, 5, 4, 1, 2, 1, 1, 5, 1, 1, 1, 3, 0, 1, 1, 7, 1, 1, 7, 4, 0, 0, 0, 1, 8, 7, 5, 5, 1, 5, 0, 5, 4, 0, 0, 0, 1, 1, 7, 4, 0, 0, 4, 2, 1, 5, 1, 5, 4, 0, 5, 0, 5, 1, 0, 5, 2, 1, 5, 0, 2, 1, 0, 4, 5, 1, 0, 7, 7, 5, 7, 5, 0, 1, 5, 5, 1, 1, 7, 2, 1, 7, 1, 5, 0, 0, 0, 2, 0, 5, 0, 0, 1, 0, 1, 1, 0, 1, 0, 5, 0, 0, 4, 0, 0, 7, 2, 7, 1, 0, 4, 0, 4, 5, 0, 0, 1, 4, 0, 5, 0, 7, 1, 4, 7, 1, 7, 0, 5, 1, 1, 4, 1, 5, 0, 4, 4, 0, 5, 0, 0, 0, 1, 0, 7, 0, 4, 4, 0, 0, 0, 1, 7, 2, 5, 4, 1, 0, 0, 7, 4, 0, 5, 4, 1, 0, 7, 0, 7, 7, 1, 1, 4, 2, 0, 7, 5, 1, 4, 0, 0, 4, 0, 0, 0, 0, 2, 5, 0, 4, 1, 0, 2, 2, 4, 5, 7, 1, 7, 5, 1, 0, 4, 1, 4, 5, 1, 2, 1, 0, 4, 5, 4, 7, 1, 1, 1, 5, 1, 1, 1, 0, 4, 1, 4, 0, 4, 7, 0, 3, 1, 2]","{0: [0.30952380952380953, 0.5, 0.38235294117647056], 1: [0.256, 0.3902439024390244, 0.30917874396135264], 2: [0.2692307692307692, 0.13725490196078433, 0.18181818181818182], 3: [0.5, 0.038461538461538464, 0.07142857142857142], 4: [0.273972602739726, 0.3125, 0.291970802919708], 5: [0.4177215189873418, 0.5, 0.45517241379310347], 6: [-1, 0.0, 0.0], 7: [0.48333333333333334, 0.3625, 0.4142857142857143], 8: [0.6666666666666666, 0.0625, 0.11428571428571428]}"
1,CNN_glove,[],"[1, 1, 2, 3, 1.33, 1.33, 5, 1, 2.5]",27.53,27.530364372469634,"[2, 1, 8, 7, 1, 3, 4, 0, 4, 7, 8, 4, 0, 4, 2, 4, 0, 4, 7, 3, 7, 2, 2, 2, 3, 8, 1, 6, 0, 5, 0, 7, 1, 5, 7, 8, 3, 1, 5, 5, 2, 7, 2, 3, 1, 4, 2, 7, 2, 2, 7, 1, 5, 1, 7, 7, 3, 5, 2, 7, 4, 5, 1, 1, 7, 7, 5, 0, 5, 5, 4, 2, 6, 2, 0, 0, 7, 2, 3, 0, 0, 2, 0, 8, 0, 1, 8, 7, 0, 4, 7, 4, 8, 0, 2, 5, 1, 7, 5, 7, 1, 2, 7, 5, 4, 1, 3, 2, 4, 5, 4, 3, 2, 6, 8, 5, 5, 7, 7, 7, 4, 6, 2, 7, 5, 6, 7, 6, 7, 4, 7, 4, 0, 1, 3, 4, 1, 8, 1, 5, 5, 5, 4, 5, 7, 4, 5, 8, 7, 7, 1, 7, 1, 1, 5, 4, 3, 1, 2, 0, 0, 0, 7, 8, 1, 0, 6, 2, 0, 0, 1, 0, 2, 3, 1, 4, 8, 1, 1, 0, 0, 1, 8, 2, 4, 2, 0, 0, 4, 5, 2, 1, 4, 8, 4, 4, 1, 1, 7, 1, 5, 4, 2, 2, 7, 1, 1, 2, 3, 7, 8, 0, 4, 5, 4, 0, 5, 1, 1, 5, 4, 1, 1, 0, 4, 5, 0, 1, 1, 2, 5, 1, 5, 1, 4, 5, 1, 1, 7, 1, 5, 7, 1, 8, 4, 5, 8, 1, 4, 6, 0, 8, 1, 2, 1, 3, 7, 3, 0, 3, 5, 0, 3, 6, 7, 8, 1, 5, 3, 1, 7, 5, 1, 8, 2, 5, 1, 2, 7, 4, 2, 5, 2, 7, 8, 0, 5, 1, 4, 8, 7, 2, 4, 1, 2, 2, 0, 7, 1, 1, 5, 8, 7, 7, 7, 6, 7, 1, 5, 4, 6, 7, 7, 0, 8, 2, 2, 2, 1, 5, 7, 4, 5, 2, 5, 3, 7, 5, 0, 0, 2, 0, 1, 1, 8, 1, 0, 4, 1, 0, 7, 0, 7, 0, 1, 0, 0, 1, 7, 8, 7, 5, 1, 0, 4, 0, 7, 7, 0, 5, 7, 2, 4, 0, 7, 4, 8, 1, 5, 7, 7, 1, 7, 4, 6, 2, 7, 5, 4, 4, 4, 2, 5, 4, 4, 2, 5, 5, 8, 4, 4, 4, 5, 7, 0, 4, 7, 4, 1, 0, 1, 3, 5, 3, 7, 6, 5, 0, 0, 7, 3, 0, 8, 0, 0, 4, 3, 0, 5, 2, 0, 1, 4, 1, 1, 7, 5, 1, 7, 4, 7, 0, 4, 5, 4, 5, 1, 3, 0, 3, 0, 5, 0, 8, 5, 0, 7, 1, 0, 3, 7, 7, 7, 5, 1, 0, 7, 0, 5, 0, 0, 0, 1, 2, 1, 2, 0, 1, 0, 0, 7, 8, 0, 4, 7, 8, 6, 5, 0, 1, 4, 7, 1, 7, 5, 0, 4, 0, 0, 6, 1, 4, 0, 2]","[2, 7, 5, 1, 1, 1, 1, 4, 4, 5, 0, 5, 7, 4, 5, 2, 8, 0, 7, 0, 2, 4, 2, 2, 1, 7, 5, 5, 0, 7, 3, 7, 4, 7, 1, 6, 8, 4, 1, 5, 1, 2, 7, 4, 5, 1, 5, 7, 5, 1, 5, 1, 8, 7, 0, 7, 8, 2, 4, 0, 3, 1, 2, 7, 4, 1, 5, 0, 2, 0, 4, 0, 0, 1, 4, 1, 7, 5, 4, 3, 8, 1, 0, 8, 6, 5, 2, 4, 4, 7, 7, 4, 7, 0, 0, 2, 1, 1, 2, 7, 0, 1, 4, 1, 4, 5, 4, 1, 5, 2, 1, 4, 5, 0, 2, 6, 8, 1, 0, 1, 4, 4, 5, 0, 8, 0, 2, 7, 4, 8, 4, 1, 0, 2, 7, 1, 4, 4, 1, 5, 4, 0, 7, 0, 4, 0, 1, 0, 4, 2, 8, 7, 5, 4, 1, 4, 1, 8, 0, 0, 2, 8, 7, 5, 8, 4, 2, 4, 4, 1, 1, 5, 1, 4, 1, 0, 4, 4, 3, 2, 8, 5, 7, 2, 1, 2, 8, 0, 4, 5, 3, 4, 3, 5, 1, 0, 3, 7, 5, 0, 5, 3, 2, 0, 7, 1, 0, 2, 0, 1, 2, 7, 8, 5, 8, 2, 4, 5, 1, 5, 2, 7, 4, 1, 1, 0, 0, 1, 8, 5, 5, 0, 7, 1, 3, 2, 7, 5, 5, 8, 4, 5, 1, 4, 4, 7, 4, 5, 4, 0, 0, 2, 7, 4, 4, 7, 7, 1, 0, 3, 5, 0, 0, 1, 1, 8, 0, 1, 3, 4, 0, 8, 7, 4, 5, 5, 0, 5, 7, 4, 8, 0, 2, 7, 4, 0, 5, 1, 4, 8, 0, 5, 4, 2, 0, 7, 1, 5, 1, 7, 1, 1, 5, 7, 1, 0, 1, 5, 6, 0, 6, 7, 7, 0, 4, 1, 2, 5, 0, 5, 4, 1, 5, 5, 7, 3, 4, 1, 4, 8, 0, 0, 5, 8, 7, 7, 4, 4, 1, 0, 4, 4, 2, 2, 0, 2, 7, 1, 1, 4, 7, 2, 1, 1, 4, 1, 4, 3, 4, 7, 4, 0, 4, 4, 4, 4, 2, 5, 1, 4, 4, 4, 7, 5, 5, 8, 2, 5, 4, 0, 7, 5, 5, 7, 4, 5, 5, 4, 0, 6, 4, 0, 0, 7, 5, 7, 5, 5, 4, 4, 1, 0, 5, 4, 3, 2, 1, 4, 1, 5, 4, 4, 7, 5, 0, 0, 4, 0, 1, 1, 0, 7, 1, 7, 1, 4, 5, 1, 4, 4, 2, 5, 8, 2, 4, 5, 4, 7, 0, 5, 1, 5, 7, 1, 5, 1, 3, 5, 0, 0, 7, 4, 7, 5, 5, 3, 2, 0, 5, 8, 0, 0, 1, 0, 7, 2, 7, 0, 0, 0, 7, 0, 0, 8, 5, 0, 3, 5, 7, 1, 8, 1, 1, 1, 5, 7, 5, 0, 1, 7, 7, 0, 0, 7]","{0: [0.345679012345679, 0.358974358974359, 0.3522012578616352], 1: [0.2682926829268293, 0.2682926829268293, 0.2682926829268293], 2: [0.23255813953488372, 0.19607843137254902, 0.2127659574468085], 3: [0.17647058823529413, 0.11538461538461539, 0.13953488372093023], 4: [0.24444444444444444, 0.34375, 0.2857142857142857], 5: [0.32051282051282054, 0.3787878787878788, 0.3472222222222222], 6: [0.16666666666666666, 0.06666666666666667, 0.09523809523809523], 7: [0.3283582089552239, 0.275, 0.29931972789115646], 8: [0.1, 0.09375, 0.0967741935483871]}"
2,CNN_word2vec,[],[],31.377,31.37651821862348,"[5, 7, 1, 7, 3, 1, 4, 4, 1, 0, 7, 4, 5, 7, 2, 1, 1, 4, 5, 0, 7, 8, 1, 1, 1, 5, 0, 8, 0, 1, 1, 5, 0, 0, 7, 0, 3, 0, 1, 7, 0, 1, 2, 5, 1, 4, 4, 2, 1, 1, 0, 7, 5, 7, 7, 4, 5, 4, 1, 8, 1, 7, 5, 7, 6, 1, 7, 7, 4, 5, 1, 2, 1, 2, 0, 5, 7, 6, 7, 0, 7, 8, 7, 1, 1, 5, 5, 0, 0, 6, 5, 0, 0, 2, 0, 2, 0, 1, 7, 7, 3, 7, 8, 7, 1, 2, 5, 1, 1, 1, 3, 1, 2, 7, 7, 5, 2, 6, 7, 2, 4, 1, 2, 7, 7, 0, 7, 8, 0, 0, 0, 4, 0, 2, 1, 4, 6, 5, 7, 6, 7, 4, 7, 7, 7, 5, 4, 4, 0, 2, 2, 0, 2, 0, 1, 7, 0, 2, 0, 4, 2, 4, 2, 3, 1, 4, 0, 0, 1, 2, 7, 7, 3, 5, 3, 0, 2, 2, 4, 2, 7, 5, 1, 5, 0, 0, 1, 7, 7, 5, 0, 1, 1, 1, 3, 7, 1, 2, 7, 7, 4, 3, 3, 1, 0, 4, 1, 5, 8, 2, 8, 4, 3, 7, 7, 2, 5, 1, 0, 2, 1, 4, 1, 1, 2, 2, 5, 5, 7, 4, 4, 1, 7, 1, 5, 0, 4, 2, 7, 4, 7, 1, 7, 5, 5, 4, 0, 4, 1, 0, 8, 6, 4, 7, 8, 2, 0, 0, 4, 5, 4, 1, 4, 4, 8, 7, 1, 1, 3, 8, 0, 3, 5, 8, 2, 0, 0, 3, 4, 0, 5, 2, 5, 1, 4, 1, 5, 0, 4, 5, 5, 4, 1, 7, 3, 4, 7, 1, 7, 0, 0, 1, 4, 5, 0, 7, 5, 1, 3, 0, 0, 1, 8, 6, 6, 7, 2, 1, 8, 4, 5, 8, 3, 2, 1, 1, 7, 7, 4, 5, 2, 5, 2, 0, 8, 0, 8, 7, 0, 6, 5, 4, 7, 5, 3, 2, 7, 2, 3, 7, 6, 1, 7, 6, 1, 1, 4, 1, 4, 5, 2, 3, 5, 7, 2, 7, 7, 0, 1, 0, 0, 8, 4, 1, 7, 8, 5, 0, 4, 2, 4, 6, 5, 0, 7, 5, 0, 0, 1, 5, 0, 5, 1, 8, 1, 8, 4, 4, 1, 0, 8, 4, 3, 5, 4, 8, 0, 3, 8, 0, 8, 1, 3, 2, 0, 4, 0, 5, 5, 1, 7, 5, 4, 7, 7, 4, 5, 5, 0, 7, 8, 0, 2, 8, 0, 0, 0, 8, 8, 5, 5, 0, 7, 1, 2, 5, 2, 5, 1, 3, 4, 8, 7, 5, 4, 2, 5, 1, 5, 2, 2, 4, 0, 3, 4, 5, 6, 4, 1, 7, 1, 0, 0, 0, 2, 4, 4, 2, 7, 4, 6, 7, 8, 1, 7, 7, 4, 1, 1, 7, 3, 5, 0, 5]","[5, 1, 4, 4, 0, 1, 7, 7, 1, 0, 5, 0, 5, 5, 0, 7, 5, 0, 0, 0, 1, 0, 7, 7, 1, 5, 4, 0, 0, 1, 1, 5, 0, 7, 0, 7, 7, 1, 7, 1, 1, 1, 5, 2, 1, 4, 4, 1, 1, 1, 0, 1, 5, 1, 1, 4, 0, 1, 1, 7, 0, 7, 1, 1, 4, 1, 4, 7, 7, 5, 1, 1, 1, 5, 0, 5, 5, 5, 0, 0, 1, 1, 0, 7, 1, 5, 1, 1, 7, 0, 5, 2, 7, 1, 7, 1, 1, 0, 7, 5, 1, 7, 0, 1, 4, 7, 5, 1, 1, 1, 1, 0, 1, 1, 0, 7, 0, 1, 5, 7, 0, 1, 0, 5, 1, 0, 0, 0, 0, 0, 7, 1, 5, 0, 1, 7, 0, 5, 7, 0, 1, 1, 1, 1, 5, 5, 0, 5, 0, 5, 5, 7, 1, 0, 0, 5, 5, 1, 1, 1, 7, 1, 2, 4, 8, 1, 0, 0, 5, 5, 4, 7, 4, 0, 0, 0, 7, 5, 0, 1, 1, 1, 1, 1, 0, 0, 5, 1, 0, 5, 0, 7, 5, 0, 7, 4, 1, 5, 7, 1, 1, 4, 5, 0, 0, 1, 0, 5, 5, 0, 1, 5, 1, 1, 1, 5, 5, 1, 0, 0, 1, 7, 1, 1, 1, 5, 1, 1, 0, 7, 1, 1, 7, 7, 1, 0, 7, 2, 1, 1, 1, 5, 1, 5, 5, 4, 7, 1, 1, 1, 1, 5, 4, 5, 5, 7, 0, 0, 0, 5, 1, 1, 4, 1, 4, 0, 1, 7, 0, 7, 7, 4, 2, 1, 5, 1, 0, 1, 4, 0, 5, 0, 5, 1, 4, 4, 0, 5, 1, 5, 7, 1, 0, 1, 4, 0, 5, 0, 1, 1, 1, 0, 0, 4, 7, 0, 5, 1, 1, 1, 0, 1, 1, 5, 7, 7, 0, 5, 1, 2, 1, 0, 7, 1, 5, 4, 7, 1, 1, 0, 1, 0, 5, 0, 7, 0, 0, 1, 0, 5, 5, 5, 5, 5, 1, 1, 4, 0, 1, 1, 0, 1, 1, 0, 1, 7, 4, 7, 7, 5, 1, 1, 5, 1, 7, 1, 7, 0, 7, 7, 0, 1, 5, 1, 1, 1, 5, 7, 5, 5, 7, 5, 0, 1, 7, 1, 7, 0, 1, 5, 0, 5, 1, 5, 1, 4, 7, 1, 1, 0, 7, 0, 1, 5, 0, 5, 0, 1, 5, 1, 4, 1, 1, 1, 1, 1, 1, 2, 5, 1, 1, 5, 1, 1, 1, 1, 5, 5, 0, 7, 0, 0, 1, 5, 7, 0, 4, 1, 7, 1, 1, 0, 7, 0, 5, 7, 0, 5, 1, 1, 1, 0, 1, 1, 5, 1, 1, 1, 5, 0, 1, 1, 0, 7, 4, 0, 7, 4, 5, 5, 0, 1, 0, 0, 1, 4, 1, 5, 1, 1, 0, 0, 0, 1, 1, 7, 4, 1, 1, 5, 1, 5, 1, 1]","{0: [0.3783783783783784, 0.5384615384615384, 0.4444444444444444], 1: [0.25842696629213485, 0.5609756097560976, 0.35384615384615387], 2: [0.2857142857142857, 0.0392156862745098, 0.06896551724137931], 3: [-1, 0.0, 0.0], 4: [0.38235294117647056, 0.203125, 0.2653061224489796], 5: [0.3978494623655914, 0.5606060606060606, 0.46540880503144655], 6: [-1, 0.0, 0.0], 7: [0.21428571428571427, 0.1875, 0.2], 8: [0.0, 0.0, 0.0]}"
3,CNN_word2vec,[],"[1, 1, 2, 3, 1.33, 1.33, 5, 1, 2.5]",28.34,28.34008097165992,"[0, 8, 8, 8, 4, 4, 7, 4, 1, 3, 1, 3, 5, 2, 0, 5, 1, 2, 7, 5, 1, 7, 7, 7, 0, 4, 0, 0, 7, 3, 4, 5, 0, 4, 8, 6, 7, 7, 5, 5, 5, 4, 0, 6, 7, 0, 1, 4, 1, 1, 2, 5, 0, 6, 2, 1, 4, 0, 5, 0, 0, 0, 8, 0, 7, 1, 7, 8, 3, 1, 7, 5, 0, 2, 2, 5, 7, 2, 4, 5, 7, 7, 4, 7, 1, 5, 5, 2, 1, 5, 5, 0, 0, 4, 1, 7, 2, 1, 4, 1, 1, 5, 6, 3, 2, 4, 2, 5, 1, 5, 5, 1, 7, 1, 4, 1, 4, 0, 4, 0, 7, 3, 2, 0, 4, 6, 1, 0, 2, 5, 2, 7, 4, 5, 7, 2, 1, 2, 0, 1, 0, 3, 5, 3, 5, 2, 4, 4, 5, 0, 2, 7, 7, 0, 1, 4, 3, 0, 0, 0, 0, 2, 8, 4, 5, 7, 7, 0, 3, 2, 8, 2, 2, 4, 0, 0, 7, 5, 1, 3, 1, 5, 3, 4, 4, 0, 1, 3, 1, 0, 4, 1, 7, 0, 7, 2, 4, 1, 1, 0, 5, 3, 7, 5, 2, 1, 3, 5, 7, 7, 5, 1, 6, 2, 3, 2, 2, 4, 4, 1, 0, 0, 1, 0, 5, 2, 7, 7, 7, 5, 0, 1, 8, 8, 1, 7, 4, 1, 5, 6, 8, 7, 5, 1, 0, 7, 2, 5, 8, 2, 0, 0, 0, 3, 7, 8, 0, 1, 4, 7, 1, 0, 0, 6, 3, 7, 0, 0, 6, 1, 8, 5, 1, 0, 1, 5, 0, 3, 7, 2, 8, 1, 2, 5, 5, 5, 4, 1, 8, 1, 2, 5, 4, 5, 4, 0, 4, 5, 5, 1, 4, 2, 2, 7, 5, 1, 7, 4, 1, 4, 2, 5, 8, 4, 7, 2, 1, 7, 1, 3, 1, 4, 5, 0, 5, 1, 4, 7, 0, 2, 4, 4, 8, 7, 7, 2, 5, 2, 7, 5, 7, 1, 7, 8, 5, 1, 5, 7, 3, 2, 1, 4, 2, 0, 8, 7, 8, 7, 0, 4, 2, 4, 4, 0, 1, 6, 8, 1, 5, 4, 1, 4, 3, 5, 4, 1, 8, 1, 0, 4, 8, 7, 6, 4, 4, 1, 5, 5, 7, 7, 0, 7, 2, 1, 7, 0, 1, 3, 7, 2, 4, 7, 1, 0, 7, 4, 4, 7, 0, 2, 7, 7, 7, 1, 7, 7, 6, 0, 1, 1, 8, 1, 1, 5, 6, 0, 1, 7, 7, 5, 1, 7, 4, 7, 1, 3, 1, 3, 2, 2, 4, 7, 8, 0, 5, 4, 1, 1, 1, 8, 8, 0, 0, 1, 4, 8, 6, 7, 0, 7, 3, 7, 1, 8, 0, 4, 0, 5, 4, 4, 0, 8, 7, 0, 7, 8, 0, 7, 7, 6, 0, 1, 2, 0, 0, 0, 0, 5, 5, 5, 1, 5, 2, 2]","[0, 8, 0, 1, 8, 8, 7, 1, 0, 4, 4, 4, 0, 2, 8, 5, 7, 5, 1, 5, 8, 5, 1, 0, 0, 4, 8, 5, 4, 5, 4, 5, 0, 8, 8, 0, 1, 7, 5, 5, 5, 0, 0, 0, 1, 0, 7, 2, 1, 7, 2, 1, 0, 8, 7, 1, 1, 7, 0, 7, 0, 0, 4, 0, 5, 4, 4, 8, 0, 1, 1, 5, 0, 0, 0, 5, 4, 0, 7, 2, 7, 5, 8, 2, 0, 5, 1, 5, 1, 8, 5, 5, 0, 7, 8, 5, 5, 8, 1, 8, 0, 5, 0, 8, 2, 4, 0, 5, 2, 1, 1, 4, 1, 4, 8, 1, 5, 7, 2, 0, 7, 0, 5, 0, 7, 4, 5, 0, 8, 5, 0, 2, 3, 5, 7, 0, 8, 2, 5, 2, 7, 8, 5, 7, 2, 1, 8, 5, 2, 0, 5, 5, 8, 7, 7, 8, 8, 0, 0, 4, 8, 5, 7, 4, 4, 7, 7, 8, 1, 0, 0, 1, 2, 3, 5, 0, 5, 1, 8, 8, 7, 5, 8, 2, 8, 2, 7, 4, 0, 4, 1, 1, 7, 7, 7, 7, 7, 8, 4, 0, 5, 1, 7, 8, 7, 8, 0, 1, 5, 5, 5, 2, 7, 7, 0, 2, 5, 0, 8, 1, 7, 2, 1, 7, 5, 5, 5, 1, 5, 4, 7, 5, 8, 0, 1, 2, 4, 0, 8, 2, 0, 4, 8, 6, 0, 5, 1, 5, 4, 0, 7, 5, 0, 8, 7, 0, 7, 7, 4, 5, 2, 0, 4, 5, 5, 1, 4, 2, 2, 1, 4, 7, 5, 8, 4, 0, 0, 1, 4, 5, 8, 1, 0, 5, 5, 5, 4, 4, 0, 1, 7, 0, 1, 5, 7, 2, 5, 2, 7, 1, 1, 2, 7, 0, 2, 8, 4, 0, 4, 8, 4, 0, 8, 1, 7, 8, 7, 1, 2, 7, 8, 1, 5, 0, 8, 0, 8, 0, 4, 5, 0, 8, 5, 2, 4, 1, 2, 2, 7, 8, 4, 1, 1, 8, 0, 0, 5, 0, 7, 2, 1, 4, 5, 4, 5, 0, 5, 8, 4, 4, 1, 8, 2, 2, 4, 8, 5, 2, 5, 5, 0, 5, 3, 5, 4, 8, 8, 5, 0, 0, 7, 2, 5, 4, 0, 7, 5, 5, 1, 1, 8, 4, 8, 4, 7, 0, 8, 0, 5, 5, 1, 2, 0, 7, 8, 8, 7, 8, 0, 1, 8, 5, 0, 0, 2, 2, 2, 7, 8, 7, 2, 5, 7, 5, 2, 0, 5, 7, 7, 5, 7, 0, 7, 4, 1, 5, 0, 7, 5, 8, 7, 7, 1, 0, 5, 4, 7, 7, 7, 0, 8, 7, 5, 8, 5, 1, 5, 4, 1, 7, 1, 7, 4, 8, 4, 8, 4, 8, 0, 5, 2, 5, 4, 5, 4, 8, 4, 2, 7, 4, 0, 4, 2, 7, 0, 8, 0, 5, 0, 5, 1, 5, 0, 2]","{0: [0.3595505617977528, 0.41025641025641024, 0.38323353293413176], 1: [0.29310344827586204, 0.2073170731707317, 0.24285714285714285], 2: [0.23404255319148937, 0.21568627450980393, 0.22448979591836735], 3: [0.3333333333333333, 0.038461538461538464, 0.06896551724137931], 4: [0.20689655172413793, 0.1875, 0.19672131147540983], 5: [0.3829787234042553, 0.5454545454545454, 0.45], 6: [0.0, 0.0, 0.0], 7: [0.273972602739726, 0.25, 0.26143790849673204], 8: [0.15492957746478872, 0.34375, 0.21359223300970873]}"
4,LSTM_glove,[],[],35.425,35.4251012145749,"[7, 2, 5, 4, 6, 4, 1, 7, 1, 7, 2, 1, 5, 5, 1, 1, 2, 3, 0, 5, 0, 1, 0, 0, 5, 8, 0, 5, 1, 7, 1, 5, 3, 7, 3, 6, 4, 0, 5, 7, 6, 7, 0, 5, 7, 6, 1, 7, 1, 4, 5, 0, 1, 1, 4, 0, 7, 5, 8, 1, 8, 5, 2, 4, 3, 4, 0, 5, 0, 0, 5, 3, 5, 0, 0, 2, 5, 2, 7, 4, 7, 7, 4, 7, 5, 2, 1, 5, 2, 2, 4, 1, 3, 8, 4, 2, 4, 7, 2, 7, 5, 1, 2, 4, 0, 5, 4, 5, 1, 3, 7, 3, 8, 5, 0, 0, 8, 7, 4, 1, 7, 2, 3, 2, 5, 4, 4, 2, 0, 5, 7, 5, 7, 8, 1, 5, 5, 5, 7, 0, 1, 1, 5, 5, 7, 4, 5, 1, 7, 3, 5, 1, 7, 2, 6, 2, 7, 5, 4, 0, 0, 0, 4, 0, 7, 5, 5, 1, 1, 4, 3, 7, 7, 7, 4, 5, 7, 1, 2, 2, 8, 4, 7, 5, 4, 2, 4, 0, 5, 3, 1, 1, 4, 4, 2, 1, 4, 2, 1, 0, 2, 8, 3, 7, 1, 5, 1, 2, 1, 1, 7, 4, 2, 3, 5, 6, 3, 4, 5, 7, 7, 8, 1, 0, 1, 2, 0, 1, 2, 2, 0, 5, 7, 4, 4, 4, 6, 8, 4, 5, 4, 4, 7, 8, 1, 5, 4, 0, 7, 7, 1, 2, 7, 1, 1, 1, 1, 7, 1, 8, 3, 0, 1, 5, 1, 0, 7, 2, 0, 0, 0, 7, 5, 7, 7, 0, 4, 3, 8, 5, 3, 1, 4, 8, 7, 2, 7, 2, 1, 0, 1, 4, 5, 8, 2, 0, 4, 8, 5, 4, 1, 0, 7, 2, 1, 0, 5, 8, 0, 5, 4, 1, 0, 1, 7, 5, 4, 2, 0, 8, 0, 1, 8, 1, 1, 2, 5, 8, 4, 5, 2, 7, 6, 0, 7, 7, 4, 5, 0, 5, 0, 6, 8, 0, 1, 3, 4, 8, 2, 3, 7, 0, 8, 0, 4, 2, 7, 0, 0, 7, 0, 8, 1, 7, 1, 7, 0, 7, 7, 5, 4, 4, 6, 0, 4, 1, 0, 7, 0, 1, 6, 6, 4, 1, 0, 4, 0, 1, 1, 8, 2, 1, 7, 1, 0, 2, 7, 4, 3, 5, 7, 5, 5, 4, 2, 0, 1, 4, 6, 7, 7, 4, 4, 3, 7, 0, 4, 1, 7, 1, 4, 2, 0, 2, 0, 3, 0, 0, 1, 1, 2, 8, 7, 7, 1, 4, 0, 7, 2, 3, 7, 7, 2, 4, 1, 7, 0, 7, 1, 8, 0, 0, 0, 5, 8, 2, 0, 1, 7, 1, 1, 5, 0, 4, 2, 6, 0, 0, 7, 1, 0, 7, 1, 8, 1, 6, 5, 0, 2, 3, 0, 5, 2, 4, 8, 5, 5, 3, 1, 7, 8, 7, 1, 0]","[5, 0, 5, 0, 7, 4, 1, 7, 5, 7, 0, 1, 5, 0, 1, 5, 0, 0, 1, 0, 4, 1, 7, 1, 7, 8, 2, 1, 4, 0, 7, 5, 1, 7, 8, 2, 7, 0, 4, 1, 8, 0, 0, 1, 8, 0, 1, 0, 1, 4, 5, 1, 0, 8, 4, 1, 7, 0, 5, 1, 5, 1, 2, 0, 8, 2, 0, 0, 0, 0, 4, 7, 0, 0, 1, 0, 5, 0, 1, 7, 7, 7, 4, 7, 2, 2, 1, 0, 5, 7, 1, 1, 2, 4, 0, 8, 4, 7, 2, 7, 5, 0, 2, 7, 0, 5, 0, 2, 1, 1, 7, 0, 5, 5, 4, 4, 4, 7, 0, 0, 5, 1, 2, 2, 2, 7, 7, 7, 1, 4, 7, 2, 5, 7, 2, 1, 5, 1, 4, 7, 0, 7, 5, 5, 7, 0, 1, 1, 0, 7, 5, 1, 7, 1, 0, 0, 5, 5, 0, 2, 0, 0, 3, 0, 7, 5, 5, 4, 5, 4, 4, 1, 0, 1, 4, 1, 7, 5, 7, 0, 1, 3, 4, 4, 8, 5, 4, 0, 1, 1, 1, 1, 0, 4, 7, 7, 4, 5, 2, 0, 4, 4, 1, 7, 0, 5, 1, 2, 1, 0, 1, 1, 5, 4, 5, 0, 4, 5, 7, 7, 1, 5, 1, 0, 4, 7, 2, 1, 4, 0, 0, 5, 1, 4, 1, 7, 5, 4, 0, 5, 5, 0, 1, 8, 7, 1, 1, 1, 2, 7, 0, 7, 2, 7, 2, 1, 1, 1, 3, 0, 4, 4, 7, 1, 1, 0, 7, 0, 4, 4, 1, 7, 8, 7, 7, 0, 4, 4, 8, 5, 8, 2, 7, 0, 1, 5, 1, 0, 5, 1, 1, 2, 5, 1, 7, 7, 0, 1, 5, 2, 1, 0, 2, 1, 0, 0, 0, 4, 7, 5, 0, 4, 0, 7, 7, 0, 4, 7, 7, 0, 0, 0, 4, 1, 1, 5, 5, 4, 4, 5, 1, 7, 0, 1, 3, 7, 7, 1, 1, 1, 4, 5, 5, 0, 7, 0, 4, 5, 0, 4, 7, 0, 7, 1, 0, 2, 5, 7, 0, 5, 4, 4, 0, 0, 1, 5, 0, 5, 1, 1, 4, 7, 3, 4, 8, 2, 7, 4, 0, 7, 4, 2, 7, 1, 0, 0, 0, 1, 5, 0, 5, 0, 0, 0, 0, 0, 1, 4, 7, 0, 7, 7, 7, 2, 0, 0, 1, 4, 7, 7, 7, 4, 7, 1, 0, 0, 0, 4, 1, 1, 7, 2, 0, 0, 0, 4, 8, 4, 1, 0, 0, 7, 7, 7, 0, 5, 1, 1, 5, 4, 7, 7, 1, 2, 1, 1, 0, 4, 1, 3, 1, 1, 5, 5, 0, 0, 0, 7, 7, 0, 0, 5, 0, 4, 2, 8, 0, 0, 4, 7, 0, 7, 1, 1, 1, 1, 5, 4, 2, 0, 0, 1, 5, 0, 4, 4, 5, 0, 1, 7, 0, 0, 1, 1]","{0: [0.325, 0.5, 0.3939393939393939], 1: [0.3627450980392157, 0.45121951219512196, 0.40217391304347827], 2: [0.29411764705882354, 0.19607843137254902, 0.23529411764705882], 3: [0.0, 0.0, 0.0], 4: [0.30303030303030304, 0.3125, 0.3076923076923077], 5: [0.453125, 0.4393939393939394, 0.4461538461538462], 6: [-1, 0.0, 0.0], 7: [0.42528735632183906, 0.4625, 0.4431137724550898], 8: [0.2, 0.09375, 0.1276595744680851]}"
5,LSTM_glove,[],"[1, 1, 2, 3, 1.33, 1.33, 5, 1, 2.5]",32.794,32.79352226720648,"[7, 7, 2, 5, 0, 8, 7, 4, 0, 4, 2, 4, 7, 0, 4, 8, 1, 1, 1, 3, 5, 7, 1, 5, 4, 4, 5, 1, 2, 1, 1, 0, 0, 4, 3, 1, 8, 5, 0, 4, 0, 7, 6, 7, 7, 1, 4, 0, 0, 7, 2, 7, 7, 4, 2, 7, 2, 4, 1, 6, 5, 0, 2, 3, 7, 4, 5, 3, 1, 2, 5, 5, 5, 4, 3, 3, 1, 1, 2, 7, 0, 2, 1, 4, 8, 4, 1, 4, 2, 2, 5, 4, 8, 1, 4, 7, 1, 7, 7, 5, 7, 0, 4, 7, 4, 4, 7, 5, 0, 6, 4, 0, 5, 1, 5, 8, 7, 8, 7, 1, 0, 7, 7, 2, 7, 1, 5, 2, 0, 5, 0, 7, 5, 2, 1, 1, 7, 1, 1, 5, 3, 4, 4, 5, 0, 0, 5, 8, 0, 5, 2, 8, 6, 2, 6, 1, 3, 0, 0, 3, 7, 7, 1, 1, 7, 1, 4, 0, 0, 5, 1, 0, 1, 7, 8, 7, 7, 4, 0, 7, 8, 7, 5, 1, 0, 4, 7, 0, 1, 1, 0, 7, 7, 0, 1, 3, 0, 4, 0, 4, 2, 7, 5, 0, 5, 5, 5, 3, 8, 5, 2, 4, 2, 2, 0, 4, 2, 4, 5, 2, 5, 8, 6, 4, 6, 0, 3, 8, 1, 2, 7, 2, 0, 8, 0, 1, 2, 7, 7, 5, 8, 2, 0, 2, 1, 1, 7, 0, 4, 5, 3, 5, 7, 7, 8, 1, 8, 0, 7, 0, 7, 0, 1, 2, 4, 1, 3, 1, 7, 2, 0, 1, 1, 4, 6, 0, 4, 2, 6, 8, 2, 7, 0, 7, 0, 8, 5, 1, 7, 4, 7, 7, 7, 2, 7, 0, 8, 0, 4, 5, 1, 6, 4, 0, 1, 8, 1, 0, 5, 7, 6, 1, 1, 3, 4, 8, 5, 0, 4, 0, 1, 2, 7, 3, 0, 5, 4, 0, 5, 5, 7, 1, 1, 0, 5, 0, 4, 1, 0, 1, 1, 3, 7, 2, 5, 8, 1, 8, 8, 7, 0, 7, 0, 7, 0, 2, 2, 1, 8, 5, 0, 3, 0, 4, 7, 4, 6, 4, 1, 5, 4, 5, 1, 7, 7, 7, 4, 2, 8, 8, 4, 6, 8, 1, 1, 5, 5, 0, 6, 1, 3, 7, 5, 1, 0, 2, 8, 7, 5, 1, 4, 3, 3, 1, 1, 1, 0, 1, 0, 4, 7, 4, 2, 4, 1, 0, 1, 5, 7, 5, 0, 2, 6, 7, 7, 7, 7, 7, 2, 5, 5, 5, 5, 2, 4, 4, 3, 7, 7, 0, 0, 2, 0, 4, 1, 0, 5, 0, 0, 1, 4, 5, 8, 1, 3, 3, 7, 5, 1, 5, 1, 2, 0, 3, 4, 5, 1, 1, 2, 4, 2, 0, 2, 5, 5, 2, 1, 2, 5, 7, 4, 5, 4, 0, 4, 1, 7, 1, 4, 3, 0, 2, 1, 5]","[5, 7, 5, 7, 4, 8, 1, 4, 0, 2, 0, 4, 4, 0, 7, 7, 4, 8, 1, 1, 5, 8, 2, 5, 4, 6, 7, 4, 5, 5, 2, 6, 1, 4, 4, 5, 4, 5, 1, 0, 2, 2, 5, 1, 4, 8, 2, 4, 1, 2, 2, 7, 2, 2, 2, 2, 5, 4, 2, 5, 0, 0, 2, 7, 7, 4, 2, 3, 1, 1, 4, 2, 6, 4, 4, 4, 8, 1, 4, 2, 5, 1, 1, 0, 8, 8, 2, 0, 1, 5, 5, 8, 4, 2, 4, 4, 6, 7, 1, 0, 7, 2, 4, 8, 4, 6, 1, 2, 0, 0, 8, 5, 5, 2, 2, 4, 8, 5, 2, 3, 0, 3, 7, 7, 5, 5, 5, 8, 4, 8, 2, 4, 2, 2, 2, 5, 7, 1, 1, 7, 4, 3, 4, 2, 7, 1, 4, 8, 3, 5, 2, 4, 2, 5, 8, 8, 7, 8, 0, 8, 1, 7, 2, 6, 7, 1, 3, 2, 3, 0, 1, 0, 0, 2, 5, 4, 2, 5, 0, 8, 1, 5, 5, 2, 0, 4, 2, 6, 2, 7, 4, 4, 7, 4, 1, 1, 2, 4, 4, 8, 7, 0, 4, 0, 2, 5, 2, 0, 4, 2, 5, 2, 5, 2, 1, 2, 5, 4, 5, 2, 4, 4, 6, 4, 2, 0, 1, 2, 2, 2, 7, 8, 3, 7, 0, 1, 2, 5, 2, 5, 4, 5, 4, 7, 5, 7, 7, 0, 4, 5, 4, 1, 3, 2, 7, 2, 8, 0, 5, 4, 7, 2, 4, 2, 4, 7, 3, 1, 5, 4, 0, 5, 3, 4, 1, 5, 4, 5, 2, 4, 8, 0, 0, 2, 5, 8, 5, 1, 5, 3, 5, 5, 1, 2, 7, 8, 2, 8, 4, 2, 4, 6, 1, 0, 2, 0, 1, 8, 1, 8, 6, 7, 5, 4, 4, 5, 2, 7, 4, 0, 1, 2, 7, 8, 7, 2, 5, 0, 8, 2, 1, 2, 3, 4, 7, 7, 4, 7, 1, 3, 1, 2, 5, 2, 1, 8, 5, 0, 4, 7, 8, 7, 0, 5, 2, 1, 5, 1, 4, 5, 0, 0, 8, 8, 7, 2, 6, 4, 1, 5, 0, 2, 5, 7, 2, 1, 4, 5, 2, 2, 1, 8, 1, 0, 1, 1, 5, 0, 7, 4, 4, 1, 2, 7, 1, 5, 4, 7, 7, 0, 5, 1, 8, 5, 1, 2, 4, 1, 8, 0, 7, 8, 2, 3, 1, 0, 0, 5, 7, 5, 7, 8, 0, 7, 7, 1, 7, 7, 7, 5, 5, 6, 0, 2, 4, 2, 4, 5, 7, 7, 0, 2, 2, 4, 2, 1, 5, 4, 4, 4, 4, 2, 8, 1, 4, 8, 7, 2, 0, 1, 1, 5, 2, 1, 5, 2, 1, 1, 5, 4, 6, 8, 5, 2, 5, 8, 0, 2, 4, 1, 4, 4, 7, 2, 4, 5, 1, 5, 2, 2, 8, 7, 1, 5]","{0: [0.5, 0.3076923076923077, 0.38095238095238093], 1: [0.4, 0.3170731707317073, 0.35374149659863946], 2: [0.18478260869565216, 0.3333333333333333, 0.23776223776223776], 3: [0.13333333333333333, 0.07692307692307693, 0.0975609756097561], 4: [0.37349397590361444, 0.484375, 0.4217687074829932], 5: [0.3026315789473684, 0.3484848484848485, 0.323943661971831], 6: [0.3076923076923077, 0.26666666666666666, 0.2857142857142857], 7: [0.4827586206896552, 0.35, 0.4057971014492754], 8: [0.1590909090909091, 0.21875, 0.18421052631578946]}"
6,LSTM_word2vec,[],[],34.615,34.61538461538461,"[5, 3, 8, 7, 2, 0, 5, 3, 7, 4, 1, 3, 7, 5, 7, 4, 0, 1, 8, 4, 0, 1, 8, 1, 6, 3, 2, 5, 8, 0, 7, 7, 0, 1, 7, 7, 2, 5, 0, 0, 5, 4, 1, 4, 5, 8, 4, 4, 7, 1, 0, 7, 8, 0, 4, 7, 5, 2, 2, 7, 1, 2, 7, 0, 3, 1, 5, 5, 2, 0, 4, 0, 8, 8, 0, 0, 7, 0, 0, 0, 5, 4, 6, 7, 7, 1, 0, 0, 5, 7, 1, 1, 7, 2, 7, 5, 5, 1, 1, 3, 0, 1, 4, 4, 7, 0, 2, 5, 2, 4, 7, 1, 1, 0, 6, 3, 8, 1, 0, 1, 5, 3, 7, 4, 7, 7, 5, 0, 5, 4, 0, 1, 2, 0, 0, 5, 1, 8, 1, 1, 7, 1, 0, 3, 0, 0, 7, 4, 1, 2, 6, 4, 2, 7, 1, 1, 5, 5, 1, 0, 1, 5, 8, 6, 1, 8, 2, 1, 1, 4, 1, 4, 1, 0, 0, 1, 6, 7, 4, 5, 2, 2, 1, 8, 4, 0, 2, 3, 5, 1, 4, 3, 7, 1, 1, 8, 2, 7, 6, 5, 7, 7, 7, 2, 5, 0, 7, 1, 0, 3, 7, 7, 7, 2, 8, 7, 0, 8, 4, 1, 7, 2, 0, 0, 4, 4, 4, 5, 7, 7, 2, 2, 7, 0, 5, 5, 2, 7, 2, 4, 4, 4, 7, 5, 0, 7, 5, 8, 3, 7, 1, 7, 4, 2, 1, 1, 7, 3, 6, 1, 0, 5, 7, 7, 3, 5, 4, 2, 5, 4, 0, 2, 1, 8, 2, 5, 5, 4, 8, 4, 5, 1, 7, 3, 5, 8, 7, 0, 0, 8, 0, 8, 2, 3, 5, 5, 4, 0, 7, 0, 4, 7, 4, 7, 5, 4, 1, 7, 3, 4, 0, 4, 7, 2, 0, 7, 6, 1, 7, 3, 1, 5, 4, 4, 0, 7, 1, 6, 0, 8, 0, 2, 0, 5, 0, 1, 4, 5, 3, 4, 6, 0, 5, 7, 0, 2, 2, 0, 8, 7, 5, 6, 4, 2, 7, 5, 5, 7, 1, 4, 4, 5, 5, 0, 5, 1, 5, 7, 1, 0, 2, 4, 7, 8, 1, 1, 2, 1, 7, 6, 1, 2, 1, 4, 3, 5, 5, 3, 4, 1, 0, 3, 4, 2, 1, 2, 2, 4, 3, 2, 2, 7, 8, 8, 5, 0, 0, 1, 0, 5, 2, 5, 1, 4, 4, 0, 1, 4, 7, 2, 4, 1, 7, 1, 7, 6, 1, 2, 1, 5, 8, 4, 0, 4, 1, 1, 1, 2, 4, 0, 0, 4, 0, 2, 5, 1, 1, 4, 7, 7, 1, 3, 2, 7, 2, 7, 5, 5, 8, 7, 1, 0, 1, 7, 0, 7, 0, 1, 0, 2, 0, 8, 5, 7, 0, 4, 5, 6, 1, 8, 4, 3, 1, 1, 5, 5, 7, 0, 4, 0, 8, 0, 5, 1]","[0, 0, 5, 7, 5, 5, 5, 4, 7, 5, 1, 1, 7, 1, 7, 1, 4, 1, 0, 4, 4, 1, 5, 1, 5, 4, 0, 0, 4, 0, 2, 1, 0, 1, 7, 5, 1, 7, 7, 7, 5, 0, 4, 5, 1, 1, 0, 4, 1, 1, 1, 5, 5, 7, 7, 2, 1, 1, 1, 0, 4, 5, 7, 7, 7, 7, 5, 5, 7, 7, 7, 3, 3, 5, 0, 3, 7, 1, 5, 0, 5, 1, 0, 7, 7, 1, 0, 0, 0, 1, 4, 1, 5, 2, 1, 7, 1, 7, 1, 4, 1, 3, 5, 4, 1, 0, 1, 1, 1, 1, 7, 1, 2, 4, 0, 4, 0, 1, 0, 7, 0, 4, 4, 4, 5, 2, 5, 2, 4, 5, 1, 1, 1, 7, 0, 5, 0, 0, 1, 1, 7, 1, 7, 4, 4, 0, 7, 4, 0, 1, 4, 0, 7, 5, 7, 1, 0, 5, 1, 1, 1, 5, 8, 0, 1, 8, 4, 4, 1, 4, 7, 4, 2, 0, 1, 7, 0, 5, 3, 5, 2, 7, 0, 4, 1, 2, 4, 0, 0, 3, 4, 7, 7, 1, 4, 5, 5, 7, 3, 5, 5, 4, 5, 2, 5, 7, 1, 1, 0, 5, 4, 7, 7, 0, 4, 5, 0, 4, 4, 7, 7, 5, 1, 4, 4, 4, 7, 5, 7, 3, 7, 5, 7, 0, 1, 1, 1, 1, 5, 1, 7, 7, 7, 0, 1, 1, 0, 3, 0, 1, 7, 1, 8, 7, 1, 1, 0, 7, 0, 1, 0, 1, 5, 5, 5, 1, 4, 0, 4, 1, 7, 1, 0, 0, 4, 5, 5, 2, 4, 4, 5, 4, 7, 4, 5, 2, 7, 0, 0, 7, 4, 4, 7, 1, 4, 2, 4, 0, 1, 0, 4, 4, 4, 1, 5, 7, 1, 7, 8, 1, 8, 0, 7, 7, 1, 7, 5, 5, 7, 1, 4, 5, 4, 4, 8, 7, 0, 0, 1, 4, 1, 4, 0, 5, 3, 1, 5, 0, 7, 1, 2, 7, 7, 7, 7, 0, 1, 0, 8, 7, 5, 1, 4, 5, 7, 5, 5, 7, 5, 1, 7, 7, 5, 0, 5, 0, 5, 1, 5, 4, 1, 7, 7, 4, 1, 1, 2, 4, 1, 5, 0, 5, 1, 4, 3, 1, 1, 8, 0, 5, 0, 4, 0, 0, 1, 2, 2, 1, 4, 4, 1, 4, 1, 8, 7, 1, 1, 0, 7, 5, 7, 4, 1, 4, 4, 1, 0, 1, 7, 1, 7, 4, 0, 2, 0, 0, 5, 1, 7, 1, 7, 0, 4, 2, 2, 7, 1, 1, 4, 0, 1, 7, 0, 7, 1, 7, 0, 4, 1, 1, 1, 7, 2, 7, 5, 5, 7, 5, 0, 1, 7, 7, 1, 7, 7, 7, 1, 1, 0, 0, 1, 2, 2, 4, 1, 1, 5, 0, 1, 7, 4, 1, 7, 5, 5, 5, 7, 8, 7, 5, 7, 0, 5, 1]","{0: [0.34177215189873417, 0.34615384615384615, 0.34394904458598724], 1: [0.31666666666666665, 0.4634146341463415, 0.37623762376237624], 2: [0.30434782608695654, 0.13725490196078433, 0.1891891891891892], 3: [0.09090909090909091, 0.038461538461538464, 0.05405405405405406], 4: [0.3333333333333333, 0.390625, 0.3597122302158273], 5: [0.4155844155844156, 0.48484848484848486, 0.44755244755244755], 6: [-1, 0.0, 0.0], 7: [0.37373737373737376, 0.4625, 0.4134078212290503], 8: [0.4, 0.125, 0.19047619047619047]}"
7,LSTM_word2vec,[],"[1, 1, 2, 3, 1.33, 1.33, 5, 1, 2.5]",35.425,35.4251012145749,"[1, 7, 2, 3, 1, 4, 0, 1, 5, 5, 4, 1, 0, 7, 8, 4, 1, 1, 1, 5, 6, 2, 4, 2, 1, 4, 2, 5, 6, 8, 7, 1, 6, 0, 5, 0, 4, 1, 7, 4, 5, 1, 7, 7, 0, 4, 7, 4, 0, 7, 7, 1, 5, 8, 2, 1, 2, 0, 7, 2, 7, 1, 1, 0, 5, 5, 4, 1, 7, 0, 5, 0, 5, 7, 6, 6, 7, 1, 1, 6, 0, 4, 7, 4, 8, 2, 7, 5, 7, 7, 0, 1, 7, 0, 2, 2, 7, 0, 7, 4, 1, 5, 1, 5, 4, 7, 4, 1, 1, 8, 2, 2, 5, 4, 2, 1, 5, 1, 7, 2, 0, 3, 0, 0, 5, 0, 5, 4, 1, 8, 0, 0, 5, 1, 3, 4, 8, 1, 0, 1, 4, 0, 1, 7, 8, 1, 2, 0, 0, 1, 1, 7, 5, 5, 4, 3, 8, 1, 7, 0, 4, 7, 5, 8, 4, 0, 2, 0, 7, 7, 0, 4, 0, 7, 3, 7, 0, 1, 4, 3, 1, 4, 4, 3, 5, 8, 2, 5, 8, 0, 5, 1, 7, 2, 2, 4, 4, 0, 0, 0, 1, 7, 3, 0, 6, 7, 1, 0, 5, 3, 4, 1, 7, 2, 8, 5, 1, 7, 8, 7, 0, 5, 2, 5, 1, 0, 0, 6, 1, 3, 0, 1, 0, 5, 1, 5, 1, 2, 2, 4, 7, 5, 0, 2, 3, 3, 1, 4, 0, 0, 1, 2, 4, 6, 3, 1, 3, 3, 5, 1, 5, 1, 4, 6, 8, 2, 5, 7, 1, 8, 0, 4, 4, 4, 0, 8, 0, 7, 1, 7, 8, 4, 7, 3, 7, 7, 0, 7, 0, 4, 4, 0, 2, 7, 3, 7, 0, 8, 7, 2, 1, 5, 5, 4, 0, 0, 0, 5, 5, 7, 8, 5, 4, 2, 5, 1, 1, 7, 2, 8, 1, 7, 2, 1, 8, 4, 5, 5, 7, 2, 4, 7, 1, 3, 0, 0, 7, 5, 6, 5, 4, 0, 4, 1, 5, 1, 3, 5, 1, 4, 2, 0, 8, 7, 4, 1, 4, 0, 4, 3, 5, 7, 4, 8, 4, 4, 5, 8, 2, 4, 0, 4, 1, 1, 1, 4, 1, 0, 0, 7, 4, 0, 5, 8, 7, 1, 5, 1, 8, 2, 0, 7, 4, 5, 3, 8, 7, 1, 7, 7, 0, 7, 2, 1, 0, 7, 2, 7, 8, 7, 2, 5, 7, 0, 7, 1, 0, 6, 1, 7, 4, 8, 5, 6, 2, 6, 5, 5, 5, 1, 3, 3, 1, 0, 0, 4, 2, 2, 3, 2, 2, 7, 7, 6, 1, 5, 7, 0, 1, 0, 7, 5, 8, 2, 1, 7, 3, 1, 5, 5, 2, 4, 2, 0, 0, 8, 3, 7, 7, 7, 7, 2, 0, 5, 7, 0, 7, 1, 5, 2, 2, 4, 1, 4, 1, 0, 5, 2, 0, 2, 4, 5, 5, 4]","[1, 4, 5, 1, 1, 7, 2, 1, 5, 7, 4, 1, 2, 7, 8, 4, 4, 7, 4, 5, 2, 2, 4, 0, 0, 4, 5, 1, 0, 7, 7, 1, 0, 0, 2, 4, 2, 4, 7, 8, 4, 5, 5, 0, 7, 5, 7, 7, 0, 7, 0, 0, 5, 0, 2, 1, 2, 0, 1, 2, 5, 5, 0, 0, 7, 1, 0, 4, 7, 1, 1, 0, 1, 5, 5, 4, 5, 1, 5, 5, 0, 4, 4, 1, 2, 6, 6, 0, 7, 7, 1, 1, 7, 1, 2, 2, 1, 0, 2, 7, 7, 5, 1, 2, 4, 4, 8, 0, 4, 8, 0, 2, 0, 4, 3, 1, 1, 1, 7, 7, 0, 0, 1, 7, 0, 8, 1, 5, 7, 5, 1, 0, 5, 2, 8, 1, 4, 5, 1, 0, 4, 4, 1, 7, 4, 2, 0, 4, 7, 2, 1, 5, 1, 0, 4, 4, 1, 0, 2, 2, 4, 7, 5, 1, 3, 1, 5, 0, 7, 4, 1, 2, 1, 7, 1, 5, 8, 1, 1, 8, 1, 2, 4, 8, 5, 8, 2, 5, 0, 2, 2, 4, 7, 7, 2, 1, 4, 4, 0, 0, 1, 8, 4, 2, 3, 5, 4, 6, 5, 4, 4, 7, 1, 4, 0, 7, 1, 7, 4, 2, 7, 0, 4, 1, 0, 3, 2, 2, 1, 3, 0, 4, 1, 4, 1, 5, 2, 1, 2, 4, 5, 7, 7, 5, 1, 3, 1, 1, 3, 4, 2, 7, 1, 5, 7, 7, 3, 3, 5, 1, 4, 1, 7, 0, 4, 7, 3, 5, 5, 0, 7, 3, 5, 4, 7, 2, 7, 4, 5, 1, 0, 6, 7, 3, 7, 7, 1, 7, 3, 0, 5, 0, 5, 7, 8, 7, 1, 2, 5, 1, 2, 5, 0, 7, 0, 0, 0, 5, 5, 1, 0, 4, 4, 2, 2, 1, 1, 7, 0, 3, 7, 7, 0, 7, 7, 4, 2, 4, 7, 2, 4, 1, 1, 8, 0, 1, 7, 5, 1, 0, 4, 5, 4, 5, 4, 1, 2, 5, 2, 3, 7, 0, 2, 7, 4, 2, 3, 0, 4, 7, 5, 1, 4, 8, 7, 1, 5, 4, 2, 1, 0, 0, 7, 2, 1, 5, 4, 4, 4, 8, 5, 4, 5, 8, 4, 3, 1, 5, 2, 4, 1, 7, 4, 8, 1, 8, 3, 3, 7, 5, 0, 7, 5, 1, 0, 2, 7, 7, 2, 3, 7, 5, 7, 1, 5, 2, 7, 8, 1, 4, 7, 8, 5, 7, 5, 0, 5, 2, 0, 7, 7, 8, 8, 0, 4, 7, 7, 7, 7, 6, 7, 7, 7, 2, 8, 5, 4, 0, 7, 4, 1, 8, 5, 5, 1, 5, 7, 4, 2, 5, 7, 4, 5, 2, 0, 8, 3, 7, 2, 2, 7, 0, 2, 0, 5, 7, 7, 7, 7, 1, 2, 2, 2, 8, 0, 0, 2, 2, 2, 2, 0, 0, 5, 4]","{0: [0.39705882352941174, 0.34615384615384615, 0.3698630136986301], 1: [0.375, 0.36585365853658536, 0.37037037037037035], 2: [0.25, 0.3137254901960784, 0.2782608695652174], 3: [0.2857142857142857, 0.23076923076923078, 0.2553191489361702], 4: [0.3611111111111111, 0.40625, 0.38235294117647056], 5: [0.36764705882352944, 0.3787878787878788, 0.373134328358209], 6: [0.0, 0.0, 0.0], 7: [0.4111111111111111, 0.4625, 0.43529411764705883], 8: [0.3076923076923077, 0.25, 0.27586206896551724]}"
8,CNN_glove,"['spinoza', 'hegel', 'plato']",[],37.055,37.05463182897862,"[0, 1, 7, 1, 7, 1, 1, 1, 5, 5, 4, 7, 1, 7, 4, 5, 1, 2, 7, 1, 4, 2, 4, 1, 2, 4, 5, 7, 1, 1, 0, 7, 4, 0, 0, 2, 7, 4, 7, 0, 1, 2, 5, 0, 0, 4, 0, 7, 2, 0, 1, 1, 4, 4, 4, 0, 1, 0, 5, 0, 1, 0, 2, 7, 0, 0, 5, 5, 2, 7, 4, 5, 7, 7, 5, 4, 7, 7, 7, 7, 0, 4, 4, 4, 2, 1, 5, 4, 4, 0, 1, 5, 7, 0, 1, 5, 1, 4, 5, 4, 0, 1, 7, 0, 7, 4, 5, 7, 4, 7, 7, 7, 5, 0, 1, 7, 1, 0, 1, 1, 5, 0, 2, 5, 0, 4, 7, 1, 5, 7, 7, 4, 0, 2, 4, 2, 7, 5, 4, 5, 5, 4, 4, 1, 1, 0, 1, 7, 1, 2, 1, 5, 5, 2, 1, 7, 0, 1, 0, 5, 5, 4, 2, 2, 2, 7, 1, 1, 4, 4, 7, 5, 5, 0, 1, 1, 1, 5, 2, 7, 2, 1, 0, 2, 4, 1, 7, 5, 0, 0, 5, 4, 0, 0, 7, 4, 2, 1, 4, 2, 4, 2, 0, 0, 0, 1, 1, 1, 7, 5, 5, 1, 2, 1, 5, 2, 5, 4, 5, 1, 4, 0, 5, 7, 2, 1, 0, 4, 4, 2, 4, 1, 5, 7, 0, 2, 1, 7, 2, 5, 1, 2, 7, 4, 7, 1, 7, 7, 4, 1, 1, 7, 7, 7, 7, 4, 0, 1, 7, 5, 4, 5, 0, 7, 5, 2, 1, 4, 2, 7, 1, 5, 4, 5, 2, 2, 1, 5, 5, 7, 4, 0, 4, 0, 0, 4, 0, 4, 0, 1, 7, 7, 7, 0, 0, 0, 7, 7, 2, 2, 5, 7, 0, 2, 1, 0, 7, 5, 2, 2, 2, 1, 7, 1, 2, 0, 2, 5, 0, 5, 7, 0, 1, 5, 4, 7, 1, 7, 7, 1, 5, 7, 4, 5, 5, 1, 2, 5, 2, 7, 4, 7, 7, 2, 4, 4, 5, 1, 0, 4, 0, 5, 7, 2, 0, 4, 0, 7, 7, 7, 1, 5, 1, 2, 7, 7, 4, 5, 1, 0, 5, 1, 0, 1, 0, 4, 4, 1, 2, 0, 4, 2, 1, 7, 7, 0, 1, 7, 7, 5, 0, 7, 0, 0, 0, 0, 0, 4, 0, 2, 5, 0, 1, 1, 1, 0, 1, 5, 0, 2, 5, 0, 1, 0, 5, 1, 0, 1, 5, 0, 4]","[1, 5, 1, 5, 4, 1, 1, 1, 5, 7, 1, 5, 0, 4, 4, 5, 1, 1, 7, 0, 1, 1, 0, 1, 1, 1, 0, 1, 1, 1, 0, 1, 5, 0, 0, 0, 7, 0, 1, 0, 1, 5, 2, 1, 1, 7, 5, 4, 0, 0, 1, 1, 1, 1, 1, 5, 1, 1, 5, 0, 1, 5, 5, 0, 0, 0, 1, 0, 4, 7, 1, 5, 5, 4, 5, 5, 0, 1, 4, 1, 0, 4, 0, 4, 2, 5, 1, 1, 5, 1, 5, 5, 7, 1, 1, 0, 1, 1, 5, 0, 0, 1, 5, 0, 1, 7, 5, 5, 0, 1, 5, 7, 5, 0, 1, 5, 2, 1, 0, 5, 1, 0, 1, 0, 0, 1, 5, 0, 0, 5, 2, 4, 0, 2, 4, 1, 1, 0, 7, 1, 2, 4, 1, 0, 1, 4, 1, 1, 1, 1, 0, 5, 0, 4, 0, 2, 4, 1, 7, 5, 5, 2, 5, 5, 2, 1, 5, 1, 4, 4, 7, 4, 5, 0, 1, 1, 0, 2, 1, 0, 1, 0, 5, 5, 0, 1, 5, 2, 1, 2, 5, 4, 1, 5, 0, 1, 5, 1, 0, 5, 1, 0, 7, 1, 0, 1, 1, 0, 5, 1, 5, 1, 1, 1, 1, 0, 0, 1, 5, 4, 4, 1, 5, 7, 5, 1, 1, 0, 5, 5, 1, 5, 5, 5, 1, 1, 1, 5, 5, 1, 4, 0, 0, 5, 1, 1, 1, 4, 4, 2, 7, 1, 5, 0, 1, 5, 0, 1, 4, 0, 0, 5, 1, 5, 5, 0, 1, 4, 1, 7, 1, 5, 0, 7, 5, 5, 0, 5, 1, 1, 1, 1, 0, 7, 0, 1, 0, 1, 1, 1, 5, 1, 5, 7, 7, 1, 7, 1, 5, 0, 5, 1, 0, 1, 1, 0, 1, 5, 1, 7, 1, 0, 7, 1, 4, 0, 1, 1, 0, 1, 1, 0, 1, 5, 1, 7, 1, 1, 0, 1, 5, 1, 4, 5, 0, 1, 0, 1, 7, 0, 0, 7, 1, 0, 1, 1, 5, 1, 5, 1, 0, 5, 1, 2, 1, 0, 1, 4, 5, 1, 1, 5, 7, 4, 7, 1, 4, 2, 0, 0, 2, 1, 1, 1, 4, 1, 7, 0, 5, 0, 1, 0, 1, 1, 7, 0, 1, 1, 2, 2, 5, 1, 0, 4, 0, 0, 0, 4, 0, 1, 5, 1, 4, 1, 0, 1, 1, 5, 1, 2, 5, 0, 0, 0, 5, 1, 0, 2, 0, 5, 1]","{0: [0.3894736842105263, 0.47435897435897434, 0.4277456647398844], 1: [0.3269230769230769, 0.6219512195121951, 0.42857142857142855], 2: [0.25, 0.09803921568627451, 0.14084507042253522], 3: [-1, -1, -1], 4: [0.42857142857142855, 0.234375, 0.30303030303030304], 5: [0.3953488372093023, 0.5151515151515151, 0.4473684210526316], 6: [-1, -1, -1], 7: [0.4827586206896552, 0.175, 0.25688073394495414], 8: [-1, -1, -1]}"
9,CNN_glove,"['spinoza', 'hegel', 'plato']","[1, 1, 2, 3, 1.33, 1.33, 5, 1, 2.5]",40.855,40.85510688836104,"[2, 5, 1, 0, 7, 7, 7, 7, 5, 7, 1, 5, 7, 5, 5, 1, 0, 5, 2, 4, 1, 1, 2, 2, 1, 7, 1, 4, 2, 5, 5, 0, 1, 0, 7, 7, 2, 2, 1, 5, 0, 4, 0, 1, 4, 2, 0, 4, 1, 2, 7, 1, 4, 2, 7, 0, 1, 0, 5, 7, 7, 1, 1, 0, 1, 5, 0, 7, 1, 5, 0, 5, 5, 0, 1, 2, 1, 4, 5, 7, 7, 1, 4, 4, 7, 0, 4, 0, 0, 4, 4, 7, 1, 5, 1, 5, 5, 4, 0, 1, 2, 4, 5, 2, 1, 2, 4, 7, 4, 7, 0, 2, 0, 7, 5, 1, 0, 7, 7, 4, 7, 5, 0, 0, 1, 5, 0, 7, 2, 0, 2, 7, 7, 0, 2, 7, 2, 4, 7, 5, 0, 5, 0, 0, 4, 4, 5, 5, 1, 7, 7, 7, 5, 7, 1, 1, 4, 7, 0, 4, 7, 7, 5, 0, 4, 7, 7, 0, 7, 0, 1, 5, 5, 7, 2, 1, 4, 0, 4, 1, 4, 4, 0, 4, 1, 1, 4, 0, 2, 4, 1, 1, 5, 7, 7, 2, 2, 7, 0, 5, 4, 4, 1, 0, 0, 7, 0, 1, 7, 5, 1, 0, 7, 0, 0, 1, 2, 1, 2, 1, 0, 4, 2, 5, 0, 2, 7, 4, 0, 5, 1, 1, 5, 2, 7, 4, 1, 4, 2, 1, 4, 1, 1, 0, 7, 2, 1, 7, 7, 2, 7, 0, 4, 2, 0, 1, 2, 5, 2, 2, 1, 1, 1, 0, 7, 5, 7, 7, 4, 4, 0, 7, 5, 0, 4, 7, 7, 7, 7, 7, 7, 0, 2, 5, 2, 1, 7, 5, 5, 0, 4, 4, 5, 1, 1, 2, 5, 4, 1, 7, 0, 2, 5, 1, 2, 0, 4, 1, 7, 4, 1, 2, 5, 0, 5, 5, 5, 0, 4, 1, 4, 4, 4, 5, 5, 1, 7, 2, 1, 1, 0, 5, 4, 7, 4, 5, 0, 7, 1, 4, 4, 1, 7, 5, 7, 0, 7, 2, 4, 1, 7, 2, 5, 0, 1, 0, 4, 5, 0, 5, 2, 1, 0, 5, 7, 1, 1, 4, 2, 1, 4, 4, 7, 4, 1, 1, 5, 1, 1, 1, 0, 2, 7, 1, 2, 0, 7, 2, 4, 5, 5, 7, 0, 0, 7, 0, 0, 5, 7, 5, 5, 1, 0, 2, 4, 0, 0, 5, 5, 2, 4, 0, 0, 0, 1, 0, 1, 1, 7, 0, 4]","[2, 4, 0, 7, 1, 0, 7, 1, 5, 0, 7, 2, 5, 5, 5, 0, 7, 5, 2, 4, 0, 1, 0, 2, 7, 7, 1, 1, 5, 5, 5, 0, 1, 2, 1, 5, 0, 1, 5, 1, 2, 4, 0, 5, 4, 2, 2, 5, 1, 2, 7, 7, 0, 1, 0, 0, 1, 1, 5, 7, 2, 1, 0, 4, 5, 5, 0, 7, 7, 5, 0, 0, 0, 0, 1, 5, 0, 4, 0, 7, 0, 1, 0, 5, 7, 4, 1, 1, 4, 4, 5, 5, 1, 0, 1, 5, 5, 4, 7, 1, 7, 4, 1, 4, 2, 5, 1, 0, 1, 0, 0, 0, 1, 7, 0, 5, 7, 1, 7, 5, 7, 5, 0, 5, 4, 5, 5, 5, 2, 5, 1, 2, 7, 0, 1, 7, 1, 0, 5, 0, 7, 4, 4, 0, 0, 4, 5, 0, 1, 7, 7, 7, 1, 5, 1, 1, 4, 7, 0, 4, 7, 5, 4, 7, 4, 1, 7, 0, 7, 0, 4, 5, 5, 1, 5, 1, 4, 7, 0, 7, 5, 0, 1, 7, 1, 0, 0, 4, 2, 0, 1, 1, 5, 7, 5, 1, 0, 1, 7, 5, 1, 5, 7, 5, 1, 1, 5, 1, 4, 7, 1, 0, 7, 2, 1, 0, 5, 7, 0, 5, 0, 1, 5, 5, 4, 1, 7, 1, 0, 7, 5, 5, 5, 5, 5, 5, 2, 5, 0, 0, 0, 0, 1, 0, 1, 7, 5, 1, 1, 0, 7, 7, 5, 0, 0, 1, 5, 5, 0, 1, 1, 1, 4, 2, 0, 5, 0, 5, 4, 1, 0, 0, 4, 5, 4, 7, 0, 5, 5, 7, 1, 0, 7, 5, 7, 1, 7, 1, 1, 0, 5, 1, 1, 5, 1, 5, 5, 4, 5, 5, 4, 2, 7, 1, 5, 0, 5, 0, 5, 1, 0, 5, 5, 0, 5, 5, 5, 2, 2, 2, 0, 4, 4, 1, 5, 0, 1, 0, 1, 1, 7, 0, 7, 5, 0, 2, 5, 5, 1, 1, 0, 0, 1, 5, 4, 5, 7, 1, 1, 1, 7, 4, 2, 5, 2, 0, 4, 1, 0, 5, 4, 1, 0, 5, 5, 5, 7, 0, 1, 5, 4, 5, 7, 0, 1, 1, 5, 1, 1, 1, 5, 5, 7, 0, 7, 0, 0, 5, 4, 5, 2, 7, 7, 1, 7, 1, 0, 5, 7, 5, 5, 0, 0, 0, 5, 5, 0, 5, 5, 4, 7, 0, 4, 0, 1, 7, 1, 4, 7, 5, 1]","{0: [0.3516483516483517, 0.41025641025641024, 0.378698224852071], 1: [0.42391304347826086, 0.47560975609756095, 0.4482758620689655], 2: [0.32, 0.1568627450980392, 0.21052631578947367], 3: [-1, -1, -1], 4: [0.47619047619047616, 0.3125, 0.37735849056603776], 5: [0.36792452830188677, 0.5909090909090909, 0.45348837209302323], 6: [-1, -1, -1], 7: [0.5230769230769231, 0.425, 0.4689655172413793], 8: [-1, -1, -1]}"
10,CNN_word2vec,"['spinoza', 'hegel', 'plato']",[],35.629,35.62945368171022,"[7, 1, 5, 1, 1, 1, 5, 0, 1, 5, 0, 0, 7, 2, 4, 7, 7, 5, 1, 1, 0, 0, 7, 4, 2, 0, 0, 2, 5, 2, 0, 4, 1, 4, 7, 1, 7, 1, 2, 7, 0, 2, 5, 7, 2, 0, 2, 4, 2, 0, 0, 1, 4, 2, 2, 1, 7, 7, 1, 5, 1, 4, 7, 0, 0, 2, 0, 5, 7, 5, 1, 7, 7, 1, 2, 5, 5, 0, 0, 0, 0, 7, 5, 4, 4, 0, 5, 5, 5, 1, 2, 1, 7, 1, 1, 1, 4, 1, 5, 2, 7, 4, 7, 5, 1, 1, 2, 1, 4, 0, 0, 2, 0, 2, 2, 4, 2, 5, 4, 1, 1, 0, 4, 5, 0, 4, 2, 5, 4, 5, 7, 4, 7, 5, 1, 0, 4, 4, 0, 2, 0, 5, 5, 5, 2, 1, 7, 1, 5, 1, 5, 0, 2, 1, 1, 5, 4, 7, 4, 7, 1, 1, 4, 1, 4, 1, 0, 0, 7, 5, 7, 5, 5, 4, 7, 5, 5, 0, 7, 4, 7, 2, 5, 1, 5, 1, 1, 1, 4, 1, 1, 1, 7, 5, 0, 2, 0, 1, 4, 0, 4, 2, 7, 1, 0, 2, 1, 1, 0, 0, 0, 5, 7, 1, 5, 5, 4, 7, 4, 4, 1, 4, 5, 4, 1, 7, 4, 7, 4, 4, 1, 7, 0, 0, 4, 7, 5, 5, 0, 2, 7, 7, 1, 0, 7, 7, 2, 7, 1, 5, 5, 0, 1, 0, 4, 1, 2, 4, 0, 1, 7, 2, 1, 2, 7, 0, 7, 7, 2, 1, 0, 5, 1, 2, 5, 4, 4, 2, 7, 4, 7, 7, 7, 7, 5, 7, 4, 1, 1, 5, 1, 0, 1, 7, 4, 1, 1, 0, 7, 2, 4, 1, 5, 0, 4, 0, 0, 7, 1, 0, 5, 5, 5, 4, 0, 4, 7, 2, 2, 0, 2, 4, 1, 7, 0, 7, 7, 0, 5, 1, 7, 4, 5, 5, 7, 0, 5, 5, 2, 0, 5, 7, 0, 4, 4, 7, 5, 7, 5, 0, 4, 7, 0, 4, 0, 7, 7, 1, 4, 1, 7, 7, 2, 7, 2, 7, 4, 2, 7, 1, 0, 2, 2, 1, 1, 0, 7, 1, 1, 5, 2, 0, 2, 2, 0, 0, 1, 0, 7, 1, 5, 1, 4, 7, 0, 4, 5, 5, 5, 0, 0, 0, 7, 0, 1, 0, 7, 4, 4, 0, 0, 1, 7, 7, 7, 2, 5, 2, 4, 4, 4]","[7, 2, 5, 5, 1, 2, 2, 0, 5, 2, 1, 2, 1, 1, 0, 7, 4, 5, 1, 7, 1, 2, 7, 1, 1, 0, 7, 0, 2, 4, 4, 4, 7, 4, 0, 1, 5, 4, 7, 4, 1, 5, 5, 7, 0, 1, 5, 0, 5, 5, 5, 1, 4, 4, 1, 2, 4, 7, 7, 1, 0, 4, 0, 0, 0, 7, 1, 7, 1, 4, 1, 1, 7, 7, 0, 5, 4, 0, 4, 1, 1, 0, 2, 2, 1, 1, 7, 4, 1, 7, 0, 1, 4, 4, 1, 7, 1, 1, 5, 7, 5, 0, 4, 1, 0, 2, 2, 1, 2, 2, 0, 2, 5, 1, 4, 1, 1, 1, 1, 1, 7, 0, 7, 0, 5, 5, 0, 2, 4, 2, 7, 0, 1, 5, 7, 1, 2, 4, 4, 7, 2, 5, 7, 1, 2, 1, 2, 1, 5, 5, 1, 1, 5, 7, 1, 0, 4, 2, 4, 7, 0, 0, 7, 5, 4, 0, 1, 7, 7, 0, 4, 5, 5, 4, 1, 7, 5, 1, 2, 1, 7, 1, 0, 4, 0, 1, 1, 1, 0, 1, 0, 1, 4, 5, 0, 0, 0, 1, 7, 7, 1, 2, 4, 4, 2, 0, 1, 1, 1, 7, 0, 2, 4, 2, 5, 2, 4, 1, 5, 0, 1, 4, 5, 1, 1, 7, 0, 7, 1, 4, 5, 4, 4, 1, 4, 0, 5, 0, 1, 1, 7, 7, 7, 2, 0, 2, 1, 7, 4, 5, 5, 0, 1, 1, 7, 1, 1, 4, 1, 1, 0, 4, 1, 1, 7, 0, 0, 0, 1, 1, 1, 5, 0, 5, 7, 4, 1, 1, 5, 1, 5, 4, 0, 1, 0, 7, 4, 7, 7, 5, 0, 1, 1, 0, 4, 5, 5, 4, 1, 2, 1, 1, 1, 5, 7, 2, 1, 7, 1, 2, 5, 2, 5, 1, 0, 5, 7, 1, 1, 0, 0, 0, 4, 7, 4, 7, 0, 0, 1, 2, 7, 4, 2, 5, 5, 0, 1, 5, 5, 0, 5, 2, 1, 1, 4, 7, 1, 0, 5, 7, 1, 0, 0, 2, 1, 7, 7, 4, 4, 1, 0, 4, 1, 1, 1, 1, 4, 5, 1, 1, 1, 2, 0, 7, 1, 7, 5, 1, 7, 1, 5, 2, 4, 4, 0, 1, 1, 0, 7, 7, 5, 7, 4, 7, 0, 4, 0, 5, 5, 4, 7, 1, 1, 0, 0, 0, 4, 4, 7, 1, 4, 1, 1, 7, 0, 7, 5, 2, 4, 7, 7]","{0: [0.3194444444444444, 0.2948717948717949, 0.30666666666666664], 1: [0.3135593220338983, 0.45121951219512196, 0.37], 2: [0.17073170731707318, 0.13725490196078433, 0.15217391304347827], 3: [-1, -1, -1], 4: [0.4126984126984127, 0.40625, 0.4094488188976378], 5: [0.5, 0.4393939393939394, 0.46774193548387094], 6: [-1, -1, -1], 7: [0.4057971014492754, 0.35, 0.37583892617449666], 8: [-1, -1, -1]}"
11,CNN_word2vec,"['spinoza', 'hegel', 'plato']","[1, 1, 2, 3, 1.33, 1.33, 5, 1, 2.5]",36.342,36.342042755344416,"[1, 4, 5, 7, 5, 1, 7, 5, 0, 7, 7, 4, 7, 7, 5, 5, 7, 7, 1, 0, 1, 4, 1, 2, 4, 7, 0, 5, 2, 1, 7, 1, 0, 4, 2, 0, 2, 4, 4, 5, 5, 4, 4, 7, 2, 7, 4, 7, 1, 1, 0, 5, 7, 1, 0, 1, 4, 2, 5, 0, 0, 1, 5, 5, 1, 0, 2, 5, 1, 0, 4, 4, 4, 7, 7, 0, 7, 0, 5, 5, 2, 1, 0, 7, 0, 1, 0, 7, 0, 1, 7, 0, 2, 7, 4, 2, 2, 2, 2, 0, 7, 5, 7, 2, 7, 1, 1, 1, 0, 1, 5, 0, 5, 1, 1, 2, 0, 7, 2, 7, 7, 0, 2, 7, 2, 0, 5, 2, 2, 2, 5, 1, 4, 1, 5, 7, 4, 2, 0, 4, 4, 4, 1, 4, 5, 2, 0, 0, 4, 2, 5, 0, 1, 0, 1, 2, 1, 0, 0, 7, 0, 1, 2, 5, 0, 1, 5, 0, 5, 0, 7, 1, 7, 7, 2, 4, 4, 5, 1, 7, 1, 4, 1, 5, 5, 0, 5, 1, 5, 4, 1, 4, 4, 0, 1, 0, 5, 4, 1, 7, 7, 2, 5, 5, 1, 1, 7, 0, 7, 0, 1, 0, 2, 5, 5, 7, 2, 5, 7, 7, 4, 1, 1, 4, 2, 5, 5, 4, 0, 7, 1, 1, 7, 0, 7, 0, 4, 0, 2, 0, 5, 4, 1, 1, 4, 1, 4, 7, 5, 0, 4, 7, 0, 7, 5, 0, 5, 1, 5, 2, 1, 5, 7, 7, 0, 7, 0, 0, 1, 7, 7, 7, 0, 4, 5, 5, 1, 2, 4, 1, 1, 4, 2, 7, 4, 5, 4, 4, 0, 1, 7, 4, 2, 1, 5, 1, 1, 0, 4, 7, 1, 4, 7, 2, 0, 7, 7, 0, 7, 2, 1, 7, 7, 4, 7, 1, 2, 2, 5, 0, 0, 4, 1, 7, 4, 0, 1, 0, 5, 4, 7, 0, 0, 1, 4, 5, 0, 1, 4, 4, 0, 5, 0, 2, 1, 7, 5, 2, 1, 5, 0, 4, 7, 7, 2, 5, 0, 4, 1, 7, 2, 1, 0, 7, 7, 0, 2, 0, 4, 7, 1, 7, 2, 5, 4, 4, 4, 2, 7, 7, 1, 4, 7, 5, 5, 1, 1, 0, 2, 2, 5, 5, 2, 4, 5, 0, 1, 4, 5, 5, 0, 0, 7, 1, 5, 1, 4, 0, 7, 5, 0, 1, 1, 1, 7, 2, 1, 0, 4, 1, 7]","[1, 1, 5, 0, 1, 1, 5, 5, 4, 4, 1, 1, 4, 1, 5, 5, 7, 2, 1, 2, 4, 0, 5, 2, 2, 1, 0, 5, 1, 5, 5, 5, 5, 4, 1, 7, 0, 1, 7, 2, 2, 7, 0, 4, 1, 5, 1, 1, 4, 1, 0, 5, 5, 1, 1, 7, 1, 1, 5, 2, 5, 0, 2, 4, 1, 0, 2, 5, 5, 7, 1, 1, 4, 4, 5, 4, 4, 0, 1, 2, 5, 1, 5, 4, 0, 1, 5, 5, 0, 5, 1, 1, 2, 0, 5, 5, 7, 7, 7, 0, 4, 2, 0, 5, 1, 7, 1, 7, 1, 1, 5, 4, 5, 1, 1, 0, 5, 7, 4, 7, 7, 5, 2, 7, 2, 7, 1, 2, 5, 1, 0, 7, 4, 1, 5, 4, 1, 2, 1, 1, 4, 4, 1, 1, 1, 5, 1, 4, 4, 2, 5, 7, 4, 0, 2, 0, 0, 4, 5, 4, 0, 1, 5, 2, 4, 1, 5, 7, 4, 4, 1, 1, 4, 0, 0, 4, 4, 5, 1, 7, 1, 1, 1, 5, 0, 0, 0, 0, 0, 4, 7, 0, 5, 2, 4, 1, 2, 1, 1, 0, 0, 5, 5, 1, 2, 4, 7, 5, 0, 0, 7, 0, 1, 5, 5, 1, 1, 5, 5, 7, 4, 1, 1, 4, 0, 0, 0, 7, 0, 7, 2, 1, 7, 2, 1, 1, 4, 1, 1, 5, 1, 5, 1, 5, 7, 1, 1, 0, 5, 1, 4, 1, 1, 4, 4, 4, 5, 7, 5, 5, 0, 1, 1, 5, 1, 7, 0, 0, 1, 7, 1, 4, 0, 2, 5, 4, 1, 4, 4, 1, 1, 1, 5, 2, 0, 2, 1, 5, 0, 1, 7, 4, 0, 4, 2, 7, 1, 1, 1, 5, 1, 7, 7, 0, 0, 2, 1, 5, 7, 4, 5, 4, 5, 4, 4, 1, 1, 5, 5, 1, 0, 0, 7, 7, 5, 4, 1, 0, 5, 1, 4, 1, 4, 0, 7, 1, 1, 1, 7, 0, 0, 5, 0, 0, 4, 0, 5, 5, 1, 5, 0, 4, 5, 7, 2, 4, 7, 4, 1, 5, 2, 1, 2, 7, 2, 5, 1, 0, 1, 7, 7, 7, 5, 5, 4, 0, 0, 4, 7, 5, 0, 1, 4, 5, 2, 2, 1, 2, 7, 1, 4, 5, 4, 4, 5, 7, 7, 2, 1, 5, 1, 1, 1, 2, 5, 7, 1, 1, 1, 5, 1, 4, 1, 4, 1, 1, 1, 2, 4, 7, 1]","{0: [0.39344262295081966, 0.3076923076923077, 0.34532374100719426], 1: [0.35294117647058826, 0.5121951219512195, 0.417910447761194], 2: [0.2564102564102564, 0.19607843137254902, 0.2222222222222222], 3: [-1, -1, -1], 4: [0.31343283582089554, 0.328125, 0.32061068702290074], 5: [0.42168674698795183, 0.5303030303030303, 0.4697986577181208], 6: [-1, -1, -1], 7: [0.40384615384615385, 0.2625, 0.3181818181818182], 8: [-1, -1, -1]}"
12,LSTM_glove,"['spinoza', 'hegel', 'plato']",[],41.805,41.80522565320665,"[1, 0, 1, 2, 7, 2, 7, 1, 7, 0, 1, 4, 7, 0, 0, 7, 0, 5, 7, 2, 4, 2, 4, 0, 1, 0, 0, 2, 1, 4, 4, 1, 5, 4, 5, 2, 5, 1, 2, 5, 7, 1, 0, 0, 1, 5, 4, 2, 0, 4, 5, 7, 2, 2, 4, 0, 0, 2, 2, 2, 5, 1, 4, 1, 1, 7, 2, 0, 1, 7, 5, 0, 4, 4, 1, 0, 4, 7, 2, 1, 0, 7, 7, 2, 2, 0, 7, 5, 7, 1, 1, 2, 5, 7, 1, 1, 4, 2, 5, 0, 1, 4, 7, 7, 5, 7, 0, 1, 2, 7, 5, 1, 7, 1, 4, 4, 2, 7, 1, 0, 5, 0, 5, 0, 5, 5, 5, 1, 0, 5, 5, 2, 5, 5, 7, 1, 0, 4, 0, 2, 1, 7, 2, 5, 4, 1, 4, 2, 2, 4, 4, 5, 0, 5, 1, 7, 1, 7, 7, 5, 5, 7, 0, 4, 5, 7, 1, 7, 2, 5, 5, 7, 1, 4, 1, 1, 4, 1, 0, 2, 1, 1, 5, 7, 7, 1, 4, 1, 4, 7, 0, 0, 4, 7, 7, 0, 7, 1, 1, 2, 2, 7, 4, 5, 0, 7, 4, 5, 5, 0, 7, 5, 5, 5, 5, 7, 5, 0, 2, 1, 5, 1, 1, 0, 4, 5, 5, 4, 7, 7, 4, 7, 1, 7, 7, 7, 2, 7, 7, 0, 1, 2, 1, 2, 5, 7, 2, 4, 4, 1, 4, 2, 0, 0, 7, 5, 5, 1, 4, 0, 0, 0, 0, 1, 0, 1, 1, 0, 1, 2, 4, 7, 4, 0, 1, 4, 4, 4, 4, 0, 0, 2, 1, 1, 0, 7, 1, 7, 7, 4, 2, 2, 7, 5, 0, 5, 0, 5, 4, 5, 4, 4, 1, 4, 5, 0, 7, 5, 5, 0, 0, 0, 1, 5, 7, 7, 1, 2, 4, 0, 4, 2, 7, 1, 5, 4, 1, 7, 1, 7, 1, 0, 7, 5, 5, 0, 2, 0, 1, 1, 2, 0, 0, 1, 0, 4, 0, 0, 5, 1, 1, 2, 0, 1, 4, 7, 7, 1, 7, 1, 4, 5, 0, 4, 1, 7, 7, 2, 1, 2, 7, 7, 0, 5, 7, 7, 4, 5, 1, 1, 0, 7, 5, 0, 0, 4, 1, 7, 4, 1, 0, 7, 0, 4, 5, 0, 4, 7, 4, 1, 7, 0, 0, 4, 5, 0, 7, 0, 1, 4, 7, 1, 7, 2, 0, 5, 4, 2, 2, 5, 2]","[1, 5, 2, 5, 1, 0, 7, 2, 7, 7, 1, 4, 7, 2, 0, 1, 0, 5, 1, 0, 7, 5, 4, 0, 4, 2, 1, 1, 1, 0, 7, 1, 5, 1, 5, 0, 7, 1, 2, 2, 7, 5, 1, 0, 1, 2, 4, 1, 5, 1, 5, 1, 5, 1, 5, 7, 2, 5, 0, 2, 5, 7, 1, 1, 1, 1, 5, 0, 1, 7, 1, 0, 1, 5, 2, 2, 0, 7, 5, 1, 0, 1, 7, 5, 5, 2, 0, 5, 2, 5, 1, 4, 2, 0, 1, 1, 1, 0, 5, 0, 1, 7, 7, 0, 5, 1, 2, 0, 1, 1, 1, 1, 7, 0, 4, 2, 5, 1, 5, 0, 5, 1, 5, 0, 5, 5, 5, 4, 0, 1, 5, 0, 5, 5, 1, 5, 7, 1, 0, 1, 2, 1, 1, 7, 5, 1, 4, 2, 2, 4, 5, 1, 0, 1, 5, 1, 0, 5, 7, 7, 5, 7, 7, 4, 5, 2, 0, 0, 0, 0, 1, 2, 1, 1, 1, 1, 0, 1, 0, 5, 2, 5, 2, 1, 7, 7, 1, 5, 4, 5, 0, 0, 5, 1, 7, 1, 7, 0, 0, 2, 5, 1, 7, 5, 0, 7, 5, 1, 1, 5, 5, 1, 5, 1, 5, 2, 7, 0, 2, 7, 5, 1, 1, 4, 0, 5, 7, 5, 5, 7, 7, 7, 1, 2, 1, 0, 1, 7, 7, 2, 1, 7, 0, 2, 5, 1, 1, 7, 1, 1, 4, 7, 0, 1, 7, 7, 2, 1, 1, 0, 2, 0, 0, 1, 2, 2, 1, 1, 5, 7, 1, 1, 5, 0, 1, 4, 4, 1, 2, 0, 0, 2, 1, 5, 0, 5, 0, 7, 7, 7, 1, 2, 1, 5, 5, 0, 0, 5, 5, 5, 2, 2, 7, 0, 1, 0, 1, 2, 2, 0, 1, 0, 5, 5, 5, 7, 1, 5, 2, 7, 5, 2, 7, 5, 5, 0, 7, 1, 7, 1, 0, 2, 7, 0, 5, 0, 0, 7, 1, 7, 0, 0, 0, 1, 5, 0, 0, 0, 5, 1, 1, 2, 0, 1, 4, 7, 7, 0, 4, 7, 0, 5, 5, 0, 1, 1, 7, 7, 2, 2, 2, 7, 0, 7, 7, 7, 1, 2, 7, 5, 1, 1, 5, 1, 0, 7, 2, 7, 7, 2, 1, 5, 5, 1, 5, 2, 4, 7, 4, 1, 2, 1, 0, 1, 5, 5, 5, 7, 1, 4, 7, 1, 0, 0, 2, 1, 7, 1, 5, 5, 5]","{0: [0.5064935064935064, 0.5, 0.5032258064516129], 1: [0.35714285714285715, 0.4878048780487805, 0.41237113402061853], 2: [0.22641509433962265, 0.23529411764705882, 0.23076923076923078], 3: [-1, -1, -1], 4: [0.75, 0.234375, 0.35714285714285715], 5: [0.4090909090909091, 0.5454545454545454, 0.4675324675324675], 6: [-1, -1, -1], 7: [0.4788732394366197, 0.425, 0.4503311258278146], 8: [-1, -1, -1]}"
13,LSTM_glove,"['spinoza', 'hegel', 'plato']","[1, 1, 2, 3, 1.33, 1.33, 5, 1, 2.5]",38.005,38.00475059382423,"[4, 2, 1, 1, 0, 2, 0, 7, 7, 2, 4, 5, 7, 4, 4, 1, 5, 0, 2, 2, 4, 4, 4, 0, 0, 7, 7, 7, 0, 7, 7, 1, 2, 0, 1, 0, 7, 2, 7, 5, 1, 5, 1, 4, 1, 5, 1, 7, 0, 7, 7, 4, 0, 7, 4, 1, 5, 4, 5, 2, 4, 0, 0, 7, 5, 1, 2, 1, 0, 2, 1, 5, 5, 4, 1, 1, 7, 1, 2, 7, 5, 0, 1, 0, 5, 5, 2, 2, 7, 1, 5, 4, 4, 0, 1, 0, 1, 1, 1, 7, 4, 7, 1, 5, 4, 7, 1, 1, 0, 5, 0, 7, 7, 5, 1, 4, 5, 4, 0, 1, 4, 2, 5, 0, 0, 2, 0, 1, 7, 0, 7, 1, 4, 1, 7, 7, 7, 7, 7, 4, 1, 7, 5, 7, 0, 7, 1, 1, 7, 5, 0, 5, 5, 0, 7, 1, 2, 0, 5, 2, 1, 4, 2, 5, 5, 0, 4, 7, 5, 7, 5, 2, 5, 1, 7, 2, 5, 1, 4, 7, 5, 5, 0, 1, 5, 1, 5, 0, 5, 4, 1, 5, 0, 7, 7, 7, 0, 7, 2, 2, 5, 2, 7, 4, 4, 1, 7, 5, 1, 1, 1, 0, 1, 4, 7, 4, 4, 2, 0, 5, 2, 1, 4, 4, 0, 0, 4, 2, 4, 7, 5, 2, 4, 7, 1, 1, 2, 4, 7, 7, 4, 0, 1, 7, 1, 0, 2, 2, 0, 7, 0, 7, 5, 5, 4, 1, 4, 4, 4, 7, 1, 7, 4, 2, 1, 5, 0, 5, 2, 7, 2, 4, 1, 5, 7, 5, 5, 2, 2, 7, 0, 4, 1, 1, 0, 2, 1, 1, 4, 1, 1, 1, 2, 7, 7, 0, 1, 2, 1, 5, 0, 5, 5, 7, 1, 4, 1, 0, 7, 5, 2, 0, 2, 7, 4, 7, 0, 0, 1, 0, 0, 0, 5, 0, 4, 4, 4, 7, 5, 5, 5, 7, 1, 0, 7, 4, 4, 1, 7, 2, 1, 0, 2, 1, 0, 7, 0, 2, 0, 5, 1, 0, 2, 4, 7, 5, 0, 0, 1, 7, 0, 1, 2, 0, 4, 2, 1, 7, 7, 2, 7, 2, 0, 5, 5, 4, 2, 5, 1, 4, 0, 0, 4, 5, 4, 0, 0, 7, 0, 4, 7, 7, 4, 1, 7, 5, 5, 5, 4, 0, 0, 0, 2, 0, 4, 1, 0, 7, 1, 1, 5, 5, 0, 7, 1, 0, 2, 1, 4, 0, 1]","[7, 1, 7, 7, 2, 0, 2, 7, 7, 2, 1, 2, 7, 4, 7, 0, 5, 2, 5, 5, 4, 0, 4, 0, 2, 1, 7, 2, 0, 7, 4, 2, 2, 7, 7, 2, 2, 7, 4, 5, 1, 5, 5, 1, 7, 2, 5, 2, 0, 7, 4, 4, 0, 7, 0, 1, 2, 0, 0, 7, 0, 1, 1, 7, 5, 0, 2, 0, 2, 2, 5, 5, 2, 5, 7, 7, 0, 2, 2, 1, 5, 0, 0, 0, 5, 5, 7, 1, 2, 2, 5, 1, 4, 5, 5, 2, 7, 1, 5, 7, 4, 7, 0, 2, 0, 1, 1, 1, 0, 5, 0, 4, 2, 2, 1, 4, 1, 7, 0, 1, 4, 2, 7, 0, 7, 0, 0, 4, 5, 7, 7, 4, 7, 5, 2, 5, 4, 1, 0, 2, 1, 2, 2, 4, 0, 7, 0, 5, 7, 0, 4, 2, 0, 2, 0, 5, 0, 0, 5, 5, 1, 4, 1, 2, 0, 2, 7, 4, 5, 2, 0, 4, 2, 2, 7, 2, 5, 5, 4, 2, 2, 2, 2, 1, 5, 1, 5, 2, 1, 2, 0, 2, 0, 7, 7, 2, 0, 1, 2, 2, 5, 7, 1, 7, 4, 1, 7, 5, 0, 2, 5, 2, 1, 1, 2, 7, 7, 2, 2, 5, 5, 0, 1, 1, 0, 0, 0, 2, 0, 7, 2, 2, 0, 4, 1, 0, 0, 0, 7, 4, 7, 0, 1, 4, 0, 2, 2, 5, 0, 2, 0, 4, 2, 2, 4, 4, 1, 4, 4, 4, 1, 4, 4, 2, 2, 1, 0, 5, 2, 0, 5, 4, 1, 2, 0, 0, 2, 4, 5, 7, 1, 7, 2, 5, 0, 7, 2, 2, 4, 1, 4, 1, 2, 5, 7, 4, 2, 0, 1, 5, 0, 2, 2, 0, 0, 4, 1, 0, 4, 2, 2, 0, 5, 5, 1, 7, 0, 2, 2, 0, 2, 1, 5, 2, 2, 7, 1, 5, 0, 2, 5, 7, 1, 1, 2, 7, 4, 7, 2, 4, 0, 2, 2, 2, 0, 5, 0, 2, 2, 5, 4, 2, 2, 4, 2, 5, 7, 2, 1, 4, 2, 2, 4, 7, 2, 5, 4, 2, 7, 2, 2, 2, 4, 2, 2, 7, 0, 5, 7, 2, 0, 0, 5, 0, 4, 1, 2, 2, 0, 0, 1, 2, 5, 0, 7, 7, 5, 5, 0, 4, 4, 0, 2, 7, 0, 2, 7, 4, 4, 1, 5, 2, 0, 7, 1, 0, 2, 4, 4, 4, 2]","{0: [0.43209876543209874, 0.44871794871794873, 0.44025157232704404], 1: [0.4716981132075472, 0.3048780487804878, 0.37037037037037035], 2: [0.21621621621621623, 0.47058823529411764, 0.2962962962962963], 3: [-1, -1, -1], 4: [0.39285714285714285, 0.34375, 0.36666666666666664], 5: [0.4827586206896552, 0.42424242424242425, 0.45161290322580644], 6: [-1, -1, -1], 7: [0.41935483870967744, 0.325, 0.36619718309859156], 8: [-1, -1, -1]}"
14,LSTM_word2vec,"['spinoza', 'hegel', 'plato']",[],43.705,43.705463182897866,"[0, 5, 5, 1, 7, 4, 2, 4, 7, 1, 5, 4, 4, 1, 0, 4, 7, 1, 7, 5, 4, 0, 5, 0, 5, 7, 2, 7, 7, 1, 4, 1, 0, 1, 1, 1, 5, 7, 7, 7, 4, 4, 5, 4, 4, 4, 5, 7, 5, 1, 7, 4, 1, 5, 5, 5, 1, 5, 7, 5, 7, 7, 7, 0, 5, 7, 1, 1, 5, 0, 5, 0, 4, 5, 5, 1, 5, 7, 2, 7, 1, 1, 5, 2, 7, 0, 7, 5, 4, 1, 4, 7, 5, 0, 2, 2, 1, 2, 4, 2, 7, 1, 2, 0, 5, 7, 5, 0, 7, 1, 0, 1, 0, 1, 4, 2, 1, 5, 7, 7, 7, 0, 4, 5, 2, 1, 4, 7, 7, 1, 5, 4, 2, 4, 1, 7, 2, 5, 4, 0, 4, 0, 1, 2, 2, 7, 0, 2, 2, 0, 0, 7, 0, 4, 2, 5, 0, 0, 0, 2, 1, 1, 7, 1, 0, 4, 7, 1, 2, 1, 2, 7, 4, 0, 0, 0, 7, 4, 2, 0, 2, 0, 1, 7, 2, 7, 0, 4, 0, 7, 5, 2, 7, 2, 2, 1, 4, 1, 2, 7, 1, 7, 0, 7, 1, 7, 0, 2, 4, 4, 1, 1, 5, 4, 0, 7, 4, 7, 5, 4, 0, 4, 1, 5, 4, 1, 1, 1, 0, 7, 5, 1, 1, 1, 1, 4, 4, 1, 0, 7, 0, 1, 1, 5, 4, 4, 4, 1, 7, 2, 1, 0, 0, 2, 2, 7, 4, 4, 1, 0, 5, 0, 0, 7, 7, 0, 4, 0, 1, 7, 4, 0, 7, 0, 1, 5, 4, 0, 7, 2, 7, 5, 7, 2, 7, 1, 0, 5, 7, 7, 0, 0, 4, 1, 0, 7, 1, 4, 5, 7, 7, 5, 1, 2, 5, 1, 5, 2, 1, 7, 2, 7, 0, 0, 7, 4, 5, 2, 2, 4, 7, 0, 5, 0, 5, 2, 2, 0, 7, 0, 5, 4, 2, 5, 5, 0, 1, 0, 2, 7, 2, 1, 4, 0, 7, 2, 1, 5, 0, 2, 1, 7, 1, 1, 4, 5, 4, 5, 5, 4, 5, 4, 1, 0, 5, 7, 5, 1, 2, 1, 0, 5, 7, 1, 7, 1, 5, 5, 4, 4, 2, 0, 1, 1, 7, 2, 7, 0, 0, 1, 7, 0, 0, 1, 1, 0, 0, 4, 7, 0, 4, 0, 5, 0, 1, 1, 4, 5, 4, 1, 4, 5, 1, 5, 0, 0, 2, 5, 7, 2, 0]","[7, 2, 4, 1, 7, 4, 1, 0, 7, 7, 2, 4, 4, 1, 7, 4, 4, 1, 7, 5, 4, 0, 2, 0, 1, 7, 1, 7, 7, 5, 4, 1, 0, 1, 4, 1, 4, 7, 7, 7, 5, 4, 5, 4, 7, 1, 0, 4, 5, 1, 7, 4, 1, 5, 1, 7, 0, 0, 2, 2, 7, 4, 7, 7, 7, 7, 1, 1, 0, 0, 5, 1, 4, 0, 5, 7, 5, 7, 5, 1, 0, 1, 0, 0, 7, 0, 7, 5, 1, 7, 4, 1, 7, 2, 7, 0, 4, 7, 4, 2, 7, 0, 7, 2, 5, 7, 2, 0, 4, 1, 2, 1, 1, 5, 7, 7, 1, 0, 0, 7, 7, 0, 7, 0, 0, 1, 4, 0, 7, 1, 1, 7, 1, 7, 1, 7, 2, 0, 0, 7, 5, 0, 7, 7, 4, 4, 5, 7, 2, 2, 2, 2, 5, 4, 2, 2, 7, 1, 0, 2, 7, 1, 7, 1, 7, 1, 7, 1, 1, 2, 0, 0, 1, 0, 0, 0, 5, 0, 1, 1, 0, 1, 1, 2, 2, 7, 0, 4, 0, 7, 5, 0, 7, 1, 0, 4, 4, 1, 0, 7, 7, 5, 1, 0, 2, 0, 4, 1, 4, 4, 2, 1, 2, 4, 4, 7, 5, 0, 7, 4, 1, 7, 7, 5, 4, 1, 4, 5, 0, 7, 7, 0, 1, 2, 0, 7, 4, 1, 2, 4, 7, 1, 7, 2, 4, 0, 7, 4, 7, 0, 7, 1, 0, 4, 2, 4, 4, 7, 1, 2, 7, 1, 0, 2, 7, 1, 2, 5, 5, 1, 4, 0, 4, 0, 1, 5, 7, 0, 7, 0, 7, 2, 7, 4, 7, 1, 7, 5, 7, 7, 7, 0, 0, 1, 1, 7, 7, 1, 5, 5, 1, 2, 1, 0, 5, 0, 0, 2, 0, 7, 2, 7, 2, 0, 7, 1, 5, 2, 2, 5, 7, 4, 2, 0, 4, 0, 4, 0, 2, 4, 0, 1, 5, 2, 5, 4, 0, 0, 4, 7, 7, 4, 0, 0, 1, 2, 1, 7, 4, 2, 1, 7, 4, 7, 2, 2, 4, 0, 5, 7, 0, 0, 0, 2, 4, 7, 2, 0, 5, 7, 4, 5, 5, 7, 1, 7, 1, 5, 0, 0, 0, 0, 5, 1, 7, 2, 4, 1, 7, 1, 2, 0, 0, 1, 0, 0, 4, 0, 1, 2, 4, 2, 5, 0, 1, 7, 0, 2, 4, 7, 0, 4, 0, 2, 4, 0, 1, 5, 7, 2, 0]","{0: [0.375, 0.4230769230769231, 0.39759036144578314], 1: [0.5, 0.4634146341463415, 0.4810126582278481], 2: [0.2777777777777778, 0.29411764705882354, 0.2857142857142857], 3: [-1, -1, -1], 4: [0.4444444444444444, 0.4375, 0.4409448818897638], 5: [0.5365853658536586, 0.3333333333333333, 0.411214953271028], 6: [-1, -1, -1], 7: [0.48484848484848486, 0.6, 0.5363128491620112], 8: [-1, -1, -1]}"
15,LSTM_word2vec,"['spinoza', 'hegel', 'plato']","[1, 1, 2, 3, 1.33, 1.33, 5, 1, 2.5]",41.568,41.56769596199525,"[1, 0, 0, 1, 4, 1, 7, 1, 2, 2, 1, 1, 0, 0, 2, 1, 0, 4, 4, 7, 7, 7, 4, 7, 7, 5, 7, 1, 0, 2, 4, 1, 5, 2, 7, 7, 2, 4, 1, 7, 1, 2, 5, 2, 0, 7, 1, 4, 2, 7, 4, 7, 0, 2, 0, 4, 5, 1, 5, 4, 7, 5, 2, 1, 0, 5, 1, 4, 1, 7, 0, 2, 0, 4, 2, 5, 7, 4, 2, 7, 4, 1, 1, 2, 4, 0, 4, 7, 5, 7, 7, 0, 5, 5, 0, 7, 5, 1, 2, 5, 5, 0, 0, 0, 5, 0, 4, 4, 5, 4, 4, 7, 7, 5, 2, 7, 4, 5, 7, 1, 4, 0, 1, 7, 7, 0, 1, 7, 5, 0, 1, 1, 7, 7, 1, 5, 7, 1, 4, 0, 2, 0, 5, 0, 4, 7, 7, 4, 1, 1, 7, 1, 4, 5, 2, 5, 4, 4, 1, 0, 0, 7, 1, 1, 7, 0, 5, 1, 7, 0, 7, 7, 0, 2, 7, 4, 2, 0, 7, 0, 0, 0, 0, 4, 7, 7, 1, 4, 2, 0, 1, 4, 5, 7, 0, 5, 2, 7, 0, 5, 0, 0, 1, 4, 2, 0, 1, 0, 1, 4, 7, 5, 1, 2, 5, 1, 1, 7, 4, 5, 7, 1, 7, 5, 2, 7, 4, 1, 4, 1, 0, 2, 7, 4, 4, 2, 2, 4, 4, 2, 1, 2, 5, 1, 1, 4, 7, 0, 7, 7, 1, 0, 4, 7, 0, 2, 7, 5, 5, 1, 7, 0, 5, 7, 0, 7, 4, 4, 7, 0, 0, 5, 2, 7, 0, 2, 7, 2, 0, 1, 1, 2, 0, 4, 0, 4, 5, 7, 5, 7, 7, 4, 1, 5, 5, 7, 2, 1, 5, 0, 0, 1, 1, 4, 2, 5, 1, 1, 4, 5, 4, 2, 4, 1, 2, 7, 0, 7, 2, 1, 0, 1, 1, 0, 2, 5, 4, 0, 1, 5, 5, 0, 1, 2, 1, 5, 5, 1, 7, 5, 1, 7, 7, 5, 2, 1, 4, 0, 5, 0, 1, 5, 4, 1, 0, 7, 4, 1, 2, 1, 7, 1, 4, 1, 5, 2, 1, 2, 7, 5, 0, 4, 5, 0, 1, 4, 1, 1, 0, 5, 0, 0, 5, 4, 0, 1, 7, 2, 2, 1, 1, 5, 0, 0, 2, 1, 7, 5, 5, 7, 0, 0, 5, 7, 4, 0, 5, 7, 0, 5, 4, 0, 5, 4, 4, 7, 1, 2, 0, 5, 5]","[7, 0, 0, 1, 4, 1, 7, 2, 2, 0, 0, 1, 0, 0, 2, 1, 0, 1, 4, 7, 7, 7, 5, 7, 7, 1, 7, 0, 4, 5, 7, 1, 2, 0, 7, 0, 2, 4, 1, 7, 1, 1, 4, 0, 1, 1, 1, 4, 4, 7, 7, 7, 0, 2, 2, 4, 0, 1, 0, 4, 7, 5, 2, 4, 4, 0, 1, 7, 1, 2, 1, 1, 2, 7, 2, 7, 2, 4, 0, 5, 0, 1, 7, 2, 1, 7, 0, 0, 2, 7, 7, 1, 5, 4, 0, 4, 5, 7, 7, 0, 5, 7, 1, 2, 2, 0, 5, 7, 5, 2, 7, 1, 5, 5, 5, 7, 1, 4, 7, 1, 1, 0, 0, 7, 7, 0, 1, 0, 5, 0, 5, 0, 7, 7, 5, 2, 7, 1, 5, 1, 0, 1, 5, 2, 0, 2, 0, 4, 7, 1, 1, 7, 5, 2, 1, 4, 0, 7, 7, 1, 1, 1, 0, 5, 5, 1, 5, 2, 7, 1, 7, 4, 2, 1, 7, 7, 2, 0, 1, 7, 0, 1, 0, 4, 7, 0, 1, 0, 5, 2, 1, 4, 1, 2, 0, 0, 0, 7, 0, 0, 5, 7, 1, 0, 0, 7, 1, 7, 1, 0, 0, 7, 1, 0, 2, 1, 4, 7, 0, 7, 7, 1, 7, 4, 2, 2, 5, 0, 4, 0, 0, 2, 7, 7, 4, 2, 7, 7, 5, 1, 1, 0, 2, 7, 0, 2, 4, 7, 5, 5, 7, 0, 2, 1, 0, 4, 0, 0, 0, 1, 7, 1, 5, 1, 7, 7, 1, 7, 7, 0, 0, 2, 0, 7, 0, 2, 0, 7, 0, 2, 1, 2, 0, 0, 7, 0, 2, 0, 5, 0, 2, 5, 1, 7, 5, 7, 1, 7, 0, 2, 0, 4, 1, 4, 1, 4, 5, 7, 4, 7, 0, 7, 1, 5, 5, 7, 2, 7, 2, 7, 0, 0, 0, 0, 2, 5, 7, 0, 0, 7, 4, 0, 1, 1, 0, 2, 5, 2, 7, 2, 1, 7, 5, 2, 2, 1, 4, 7, 0, 0, 0, 5, 4, 2, 0, 1, 2, 7, 2, 1, 7, 5, 4, 1, 5, 2, 1, 5, 7, 7, 7, 4, 5, 5, 2, 1, 1, 7, 0, 1, 0, 5, 0, 1, 1, 1, 2, 5, 7, 5, 0, 7, 0, 1, 2, 7, 7, 2, 2, 4, 5, 0, 1, 2, 0, 5, 5, 5, 0, 5, 2, 0, 4, 1, 4, 0, 1, 1, 7, 5, 1]","{0: [0.3894736842105263, 0.47435897435897434, 0.4277456647398844], 1: [0.4578313253012048, 0.4634146341463415, 0.46060606060606063], 2: [0.31666666666666665, 0.37254901960784315, 0.34234234234234234], 3: [-1, -1, -1], 4: [0.5, 0.296875, 0.37254901960784315], 5: [0.38461538461538464, 0.30303030303030304, 0.3389830508474576], 6: [-1, -1, -1], 7: [0.45161290322580644, 0.525, 0.48554913294797686], 8: [-1, -1, -1]}"
