,name,labels_to_delete,weigths,test_acc,best_accuracy,all_labels,all_predictions,pr_rec_f1
0,bert,[],[],34.211,34.211,"[0, 3, 2, 5, 5, 2, 2, 0, 4, 8, 8, 4, 2, 0, 0, 4, 0, 4, 5, 1, 7, 5, 5, 0, 0, 3, 0, 0, 1, 0, 5, 3, 5, 2, 6, 7, 6, 4, 8, 0, 2, 7, 7, 5, 7, 8, 7, 5, 8, 5, 2, 5, 0, 2, 4, 1, 1, 0, 1, 5, 4, 1, 1, 7, 5, 1, 5, 8, 4, 8, 7, 5, 7, 0, 8, 1, 4, 5, 5, 7, 5, 4, 7, 8, 7, 8, 2, 0, 1, 1, 7, 4, 2, 0, 4, 7, 2, 5, 3, 7, 1, 4, 6, 8, 1, 7, 6, 7, 5, 1, 4, 7, 2, 0, 4, 0, 5, 3, 0, 7, 1, 0, 6, 2, 1, 5, 7, 0, 0, 2, 2, 7, 6, 8, 1, 4, 0, 7, 7, 2, 8, 0, 2, 2, 5, 3, 5, 0, 1, 0, 0, 2, 1, 3, 4, 4, 1, 0, 1, 5, 7, 2, 5, 2, 5, 5, 5, 0, 5, 2, 0, 0, 6, 8, 2, 0, 7, 2, 7, 1, 5, 1, 2, 8, 8, 0, 4, 0, 2, 0, 1, 5, 5, 1, 0, 1, 1, 3, 7, 5, 1, 4, 7, 7, 0, 8, 1, 1, 5, 0, 1, 1, 7, 7, 7, 0, 7, 0, 4, 5, 1, 0, 8, 7, 1, 2, 7, 4, 5, 4, 0, 1, 0, 0, 1, 2, 7, 7, 4, 7, 7, 4, 4, 3, 8, 2, 4, 0, 8, 3, 8, 0, 3, 1, 1, 5, 5, 4, 8, 7, 1, 1, 1, 0, 6, 2, 0, 5, 2, 7, 7, 1, 5, 1, 5, 1, 1, 2, 0, 8, 1, 1, 7, 2, 4, 8, 6, 4, 7, 1, 5, 4, 1, 0, 0, 7, 0, 4, 0, 7, 7, 8, 1, 0, 2, 7, 0, 7, 7, 7, 7, 4, 6, 8, 2, 4, 3, 8, 7, 7, 4, 4, 5, 1, 7, 4, 1, 3, 4, 0, 2, 7, 4, 6, 5, 0, 1, 1, 1, 7, 2, 1, 1, 2, 7, 7, 5, 1, 2, 4, 2, 0, 3, 4, 7, 4, 1, 5, 5, 5, 7, 5, 5, 4, 4, 1, 1, 4, 1, 0, 7, 4, 6, 0, 3, 5, 0, 5, 2, 5, 8, 4, 1, 4, 7, 2, 1, 3, 7, 4, 0, 6, 7, 1, 3, 7, 1, 0, 2, 2, 4, 4, 0, 5, 5, 1, 8, 0, 4, 5, 1, 0, 0, 8, 0, 4, 2, 0, 1, 0, 7, 0, 4, 5, 5, 1, 5, 7, 3, 5, 1, 0, 1, 1, 2, 2, 1, 7, 3, 2, 5, 7, 1, 4, 1, 1, 7, 4, 2, 5, 0, 0, 4, 1, 7, 4, 8, 0, 2, 7, 8, 0, 1, 4, 3, 4, 7, 7, 3, 3, 0, 3, 7, 5, 2, 7, 6, 7, 1, 5, 3, 4, 6, 7, 5, 0, 4, 7, 3, 4, 1, 3, 4, 1]","[7, 1, 2, 5, 1, 2, 2, 5, 1, 4, 4, 4, 5, 1, 4, 1, 0, 4, 4, 2, 2, 5, 7, 0, 0, 5, 2, 0, 1, 2, 5, 5, 3, 4, 2, 7, 0, 4, 8, 7, 0, 5, 4, 1, 1, 5, 7, 4, 4, 5, 5, 4, 4, 8, 4, 1, 1, 1, 1, 1, 4, 1, 1, 3, 2, 7, 5, 4, 0, 1, 7, 8, 7, 6, 1, 1, 4, 2, 0, 2, 2, 0, 7, 2, 5, 8, 2, 7, 8, 4, 1, 4, 5, 3, 8, 7, 4, 8, 3, 7, 0, 4, 2, 4, 1, 0, 7, 0, 2, 0, 1, 1, 2, 0, 5, 6, 4, 4, 1, 1, 7, 2, 0, 5, 1, 0, 0, 0, 6, 4, 5, 0, 7, 0, 0, 4, 2, 5, 7, 1, 2, 7, 4, 4, 5, 7, 5, 1, 1, 0, 1, 5, 5, 0, 0, 1, 1, 0, 1, 1, 7, 0, 0, 2, 5, 7, 5, 0, 5, 5, 0, 4, 1, 4, 5, 0, 1, 0, 7, 1, 5, 1, 5, 0, 1, 5, 4, 0, 2, 1, 0, 2, 5, 1, 2, 1, 5, 0, 1, 1, 7, 0, 7, 0, 0, 8, 5, 1, 5, 7, 1, 8, 7, 7, 4, 0, 4, 1, 1, 2, 1, 7, 0, 7, 1, 0, 7, 4, 7, 4, 1, 1, 1, 0, 1, 2, 7, 7, 1, 0, 8, 8, 1, 3, 6, 2, 1, 1, 0, 5, 2, 4, 5, 1, 1, 5, 7, 4, 0, 7, 1, 5, 1, 0, 2, 2, 0, 1, 5, 8, 5, 5, 4, 5, 5, 1, 4, 0, 2, 1, 1, 2, 7, 2, 1, 1, 5, 8, 7, 4, 4, 4, 2, 4, 5, 7, 8, 2, 1, 7, 8, 0, 0, 1, 2, 7, 1, 2, 7, 1, 7, 4, 7, 5, 1, 1, 1, 0, 0, 7, 4, 7, 1, 1, 5, 1, 4, 0, 2, 0, 4, 0, 8, 0, 8, 1, 1, 7, 7, 1, 0, 1, 1, 0, 5, 1, 5, 1, 5, 1, 5, 5, 3, 1, 1, 5, 1, 5, 1, 0, 7, 5, 1, 2, 2, 7, 1, 7, 7, 0, 0, 4, 2, 0, 5, 4, 0, 4, 5, 1, 8, 0, 7, 4, 1, 0, 2, 1, 7, 1, 0, 7, 2, 1, 3, 5, 2, 0, 2, 8, 0, 1, 4, 5, 1, 5, 8, 4, 4, 5, 1, 7, 1, 4, 6, 0, 7, 0, 0, 2, 2, 8, 4, 5, 5, 1, 1, 2, 8, 5, 2, 0, 1, 1, 4, 0, 0, 1, 0, 4, 7, 5, 4, 1, 4, 7, 7, 4, 5, 3, 4, 2, 0, 7, 1, 8, 2, 0, 0, 4, 0, 4, 2, 7, 1, 5, 0, 4, 7, 5, 0, 1, 7, 5, 1, 5, 0, 2, 1, 5, 5, 1, 1, 2, 5, 2, 4, 1, 4, 8, 0, 0, 1, 1]","{0: [0.32142857142857145, 0.34615384615384615, 0.3333333333333333], 1: [0.3620689655172414, 0.5121951219512195, 0.42424242424242425], 2: [0.23636363636363636, 0.2549019607843137, 0.24528301886792453], 3: [0.5, 0.15384615384615385, 0.23529411764705882], 4: [0.3283582089552239, 0.34375, 0.33587786259541985], 5: [0.3561643835616438, 0.3939393939393939, 0.37410071942446044], 6: [0.0, 0.0, 0.0], 7: [0.4838709677419355, 0.375, 0.4225352112676056], 8: [0.20833333333333334, 0.15625, 0.17857142857142858]}"
1,bert,[],"[1, 1, 2, 3, 1.33, 1.33, 5, 1, 2.5]",34.413,34.413,"[1, 7, 5, 5, 4, 2, 1, 3, 0, 0, 4, 1, 4, 5, 2, 2, 0, 7, 5, 7, 2, 7, 7, 2, 3, 0, 4, 1, 2, 0, 1, 4, 0, 1, 4, 4, 4, 7, 8, 1, 7, 5, 1, 4, 7, 0, 7, 1, 1, 2, 5, 4, 4, 0, 4, 5, 4, 2, 1, 4, 5, 1, 4, 7, 1, 2, 0, 7, 8, 3, 3, 0, 8, 3, 1, 0, 3, 5, 1, 3, 8, 0, 1, 7, 2, 2, 7, 2, 1, 0, 4, 7, 0, 4, 1, 7, 6, 7, 1, 5, 2, 1, 7, 7, 3, 3, 5, 1, 4, 2, 5, 2, 8, 7, 5, 4, 7, 1, 4, 0, 0, 0, 4, 4, 7, 2, 0, 0, 0, 1, 7, 3, 7, 8, 7, 8, 2, 5, 0, 0, 7, 5, 3, 1, 1, 8, 0, 2, 8, 0, 4, 5, 0, 0, 7, 7, 2, 1, 3, 4, 1, 7, 7, 5, 7, 4, 4, 5, 8, 8, 4, 0, 0, 4, 0, 2, 0, 2, 5, 5, 4, 8, 1, 4, 4, 6, 4, 0, 5, 4, 0, 3, 6, 2, 2, 4, 8, 2, 7, 4, 7, 1, 4, 5, 3, 5, 3, 0, 5, 7, 5, 1, 1, 2, 8, 3, 5, 5, 1, 7, 1, 6, 7, 4, 1, 6, 0, 7, 0, 2, 1, 1, 7, 2, 8, 5, 7, 7, 8, 1, 0, 4, 1, 1, 2, 7, 0, 4, 1, 1, 4, 0, 1, 0, 0, 8, 3, 1, 0, 2, 3, 3, 0, 2, 5, 2, 1, 7, 8, 5, 5, 7, 7, 4, 4, 1, 7, 5, 1, 0, 7, 0, 4, 6, 0, 8, 7, 7, 5, 6, 6, 7, 1, 1, 7, 4, 3, 1, 1, 7, 7, 5, 7, 1, 0, 4, 8, 5, 2, 1, 0, 1, 0, 7, 2, 2, 7, 2, 3, 5, 1, 2, 0, 4, 4, 6, 1, 0, 2, 5, 1, 5, 0, 7, 7, 1, 5, 5, 4, 0, 8, 7, 8, 7, 4, 8, 5, 7, 7, 1, 7, 0, 1, 7, 0, 7, 7, 0, 4, 1, 0, 0, 1, 5, 0, 5, 1, 0, 0, 0, 0, 5, 4, 2, 1, 0, 5, 7, 5, 4, 0, 5, 1, 1, 2, 4, 1, 8, 7, 6, 0, 1, 4, 0, 1, 0, 7, 2, 6, 0, 2, 0, 5, 0, 2, 5, 8, 2, 1, 5, 1, 6, 5, 5, 5, 5, 2, 7, 0, 6, 8, 7, 5, 2, 4, 7, 0, 7, 5, 1, 7, 2, 7, 3, 8, 5, 4, 7, 8, 8, 1, 0, 1, 0, 4, 2, 2, 4, 7, 0, 1, 3, 5, 1, 5, 5, 5, 3, 1, 8, 1, 4, 7, 2, 1, 4, 6, 3, 8, 4, 1, 6, 4, 5, 2, 7, 7, 5, 1, 2, 0, 0, 1, 4, 7, 8, 5, 7, 4, 0, 5, 1, 3, 5]","[5, 7, 5, 7, 5, 2, 0, 2, 7, 5, 0, 1, 4, 1, 7, 2, 0, 2, 2, 8, 0, 4, 0, 2, 3, 5, 7, 4, 5, 8, 5, 4, 1, 7, 4, 8, 0, 7, 0, 1, 3, 5, 1, 1, 1, 0, 5, 7, 1, 4, 1, 4, 7, 0, 4, 7, 4, 5, 5, 1, 5, 1, 4, 7, 1, 2, 2, 1, 0, 1, 5, 0, 4, 3, 4, 1, 0, 1, 7, 4, 5, 0, 7, 7, 1, 1, 4, 7, 1, 0, 0, 7, 0, 0, 1, 7, 0, 7, 1, 7, 0, 0, 1, 7, 4, 4, 5, 1, 4, 3, 4, 5, 4, 4, 0, 4, 7, 0, 1, 7, 0, 7, 1, 4, 7, 5, 0, 0, 0, 1, 1, 5, 7, 2, 4, 1, 0, 1, 0, 2, 7, 7, 4, 0, 1, 4, 0, 5, 4, 0, 1, 4, 0, 0, 1, 1, 0, 1, 0, 4, 2, 7, 7, 5, 7, 8, 8, 7, 4, 0, 1, 4, 1, 1, 6, 2, 8, 2, 8, 5, 4, 8, 1, 4, 4, 2, 1, 4, 7, 7, 7, 1, 0, 1, 1, 0, 1, 2, 0, 0, 5, 1, 8, 4, 1, 1, 4, 4, 5, 7, 7, 1, 1, 7, 1, 7, 4, 3, 8, 1, 1, 2, 1, 4, 4, 7, 1, 5, 6, 6, 5, 4, 2, 1, 0, 2, 7, 0, 2, 4, 5, 4, 1, 1, 0, 4, 0, 7, 1, 7, 3, 4, 0, 7, 1, 4, 0, 1, 2, 1, 6, 4, 0, 5, 5, 0, 8, 7, 0, 5, 7, 7, 8, 4, 1, 7, 0, 5, 0, 1, 8, 0, 0, 2, 2, 4, 7, 4, 4, 1, 2, 7, 1, 1, 7, 7, 7, 7, 5, 2, 7, 1, 7, 1, 7, 1, 7, 5, 5, 1, 7, 4, 4, 1, 5, 2, 7, 2, 5, 1, 1, 5, 8, 5, 3, 0, 7, 0, 0, 5, 7, 1, 7, 7, 1, 2, 2, 4, 3, 8, 0, 2, 0, 1, 4, 0, 7, 1, 2, 2, 7, 0, 1, 6, 0, 7, 5, 7, 4, 7, 4, 7, 0, 5, 7, 5, 1, 0, 2, 4, 0, 5, 0, 0, 7, 0, 4, 7, 5, 4, 2, 1, 4, 0, 5, 1, 4, 0, 7, 2, 0, 7, 4, 0, 5, 1, 0, 7, 7, 0, 4, 0, 1, 2, 2, 5, 2, 1, 1, 1, 0, 7, 2, 7, 5, 1, 5, 5, 8, 0, 1, 7, 5, 8, 1, 7, 0, 5, 1, 1, 5, 4, 0, 0, 4, 2, 1, 7, 8, 0, 1, 5, 0, 0, 4, 4, 1, 1, 7, 0, 1, 4, 7, 1, 0, 8, 1, 7, 1, 2, 7, 2, 7, 7, 8, 7, 1, 3, 4, 0, 3, 7, 4, 5, 3, 7, 7, 5, 1, 4, 0, 0, 1, 4, 0, 1, 2, 5, 0, 5, 0, 1, 8, 5]","{0: [0.37777777777777777, 0.4358974358974359, 0.40476190476190477], 1: [0.36893203883495146, 0.4634146341463415, 0.41081081081081083], 2: [0.23809523809523808, 0.19607843137254902, 0.21505376344086022], 3: [0.2727272727272727, 0.11538461538461539, 0.16216216216216217], 4: [0.3287671232876712, 0.375, 0.35036496350364965], 5: [0.3793103448275862, 0.3333333333333333, 0.3548387096774194], 6: [0.0, 0.0, 0.0], 7: [0.4065934065934066, 0.4625, 0.4327485380116959], 8: [0.09523809523809523, 0.0625, 0.07547169811320754]}"
2,roberta,[],[],40.081,40.081,"[0, 5, 6, 5, 4, 4, 3, 7, 3, 3, 4, 6, 1, 3, 4, 5, 5, 8, 8, 4, 7, 0, 0, 7, 4, 2, 4, 5, 7, 1, 7, 8, 1, 1, 0, 5, 4, 5, 6, 4, 7, 4, 3, 5, 0, 7, 7, 4, 5, 7, 5, 5, 4, 3, 2, 7, 1, 7, 4, 2, 7, 1, 7, 5, 5, 8, 5, 0, 4, 6, 7, 4, 0, 2, 1, 5, 3, 5, 1, 5, 4, 7, 5, 3, 2, 5, 0, 4, 8, 8, 0, 4, 3, 7, 2, 1, 0, 3, 4, 1, 1, 2, 1, 0, 0, 5, 1, 7, 5, 0, 7, 0, 5, 7, 3, 2, 5, 4, 1, 4, 6, 1, 7, 1, 5, 4, 1, 1, 1, 8, 0, 4, 8, 8, 4, 2, 1, 8, 0, 1, 7, 7, 7, 2, 6, 2, 1, 4, 7, 2, 5, 2, 4, 6, 1, 5, 6, 0, 0, 1, 4, 1, 0, 3, 4, 2, 0, 4, 2, 8, 8, 8, 4, 2, 8, 1, 7, 2, 2, 7, 2, 7, 8, 1, 0, 4, 0, 5, 0, 4, 7, 2, 0, 8, 5, 1, 2, 7, 5, 1, 2, 4, 0, 7, 7, 7, 1, 1, 7, 0, 0, 2, 8, 2, 4, 0, 3, 4, 4, 1, 1, 7, 1, 0, 1, 4, 0, 2, 2, 1, 4, 1, 1, 8, 0, 6, 1, 1, 4, 7, 0, 7, 7, 0, 1, 1, 0, 3, 2, 4, 3, 3, 2, 1, 8, 0, 7, 7, 0, 7, 4, 7, 5, 5, 7, 5, 5, 0, 1, 1, 1, 4, 7, 5, 7, 6, 1, 5, 5, 6, 7, 1, 5, 7, 7, 1, 2, 5, 3, 1, 3, 2, 5, 7, 1, 0, 0, 4, 7, 1, 5, 0, 0, 7, 1, 0, 3, 1, 8, 4, 0, 1, 0, 7, 0, 5, 6, 7, 7, 7, 1, 4, 2, 5, 7, 4, 1, 7, 5, 4, 7, 7, 0, 5, 8, 7, 2, 1, 2, 4, 2, 0, 0, 4, 7, 4, 5, 0, 8, 0, 4, 1, 1, 1, 5, 1, 2, 8, 8, 2, 2, 0, 5, 1, 5, 6, 3, 0, 0, 1, 7, 5, 7, 4, 1, 2, 1, 0, 3, 0, 7, 0, 2, 8, 4, 7, 1, 2, 1, 7, 4, 4, 2, 1, 7, 5, 1, 0, 2, 0, 5, 7, 0, 7, 0, 1, 7, 8, 8, 4, 0, 8, 0, 5, 5, 7, 0, 0, 0, 4, 3, 2, 8, 7, 0, 3, 1, 7, 3, 0, 3, 5, 5, 0, 8, 5, 4, 4, 0, 1, 7, 8, 0, 1, 5, 5, 7, 0, 4, 1, 0, 8, 0, 4, 0, 2, 0, 7, 2, 2, 7, 0, 2, 0, 1, 5, 1, 1, 5, 7, 1, 5, 4, 5, 6, 6, 1, 0, 4, 5, 2, 2, 7, 7, 5, 1, 5, 1, 5, 2, 4, 2, 7, 3]","[0, 5, 0, 2, 1, 4, 0, 7, 2, 3, 4, 0, 2, 8, 3, 1, 2, 8, 0, 4, 0, 1, 0, 7, 0, 2, 4, 5, 7, 0, 5, 1, 1, 0, 0, 2, 1, 5, 7, 4, 2, 3, 3, 4, 1, 2, 2, 4, 0, 4, 1, 5, 4, 5, 1, 7, 1, 0, 4, 8, 5, 1, 3, 1, 5, 4, 5, 4, 2, 2, 7, 3, 0, 7, 7, 2, 5, 5, 1, 5, 4, 7, 0, 1, 4, 5, 2, 1, 1, 0, 0, 4, 2, 2, 8, 4, 1, 5, 4, 2, 7, 8, 1, 2, 0, 5, 2, 7, 2, 0, 8, 0, 0, 4, 4, 4, 2, 4, 2, 2, 2, 1, 7, 1, 8, 8, 0, 5, 7, 7, 7, 0, 8, 0, 0, 2, 1, 0, 2, 1, 7, 4, 7, 2, 1, 2, 1, 1, 7, 1, 0, 5, 4, 1, 1, 7, 0, 1, 0, 1, 4, 1, 1, 3, 2, 2, 2, 0, 1, 2, 2, 8, 8, 4, 8, 8, 7, 5, 0, 7, 2, 1, 1, 1, 0, 4, 0, 5, 7, 4, 0, 0, 2, 1, 5, 8, 0, 0, 5, 1, 0, 4, 0, 7, 1, 5, 0, 1, 7, 2, 6, 2, 2, 2, 4, 1, 1, 5, 4, 1, 1, 2, 1, 2, 7, 4, 0, 7, 7, 1, 1, 0, 1, 2, 1, 2, 1, 1, 8, 5, 0, 7, 1, 0, 1, 1, 1, 0, 7, 4, 7, 5, 5, 7, 4, 0, 1, 1, 4, 7, 4, 1, 2, 0, 1, 7, 7, 1, 1, 7, 8, 2, 7, 1, 7, 6, 7, 5, 7, 4, 7, 1, 7, 7, 0, 1, 1, 7, 2, 1, 0, 4, 5, 7, 1, 0, 1, 1, 7, 1, 2, 2, 0, 7, 1, 5, 1, 7, 4, 4, 0, 8, 7, 7, 7, 1, 2, 4, 1, 7, 2, 7, 3, 2, 7, 4, 7, 0, 5, 4, 5, 3, 0, 5, 2, 7, 2, 1, 5, 1, 2, 8, 0, 7, 7, 2, 0, 7, 0, 0, 4, 1, 1, 2, 0, 2, 2, 1, 8, 5, 7, 0, 1, 1, 5, 0, 8, 1, 4, 4, 1, 1, 0, 1, 2, 7, 1, 0, 5, 1, 7, 4, 1, 1, 0, 7, 1, 1, 2, 5, 8, 1, 1, 1, 8, 5, 8, 7, 0, 2, 5, 7, 1, 7, 1, 4, 1, 7, 1, 1, 1, 0, 0, 1, 5, 7, 0, 0, 1, 0, 1, 5, 1, 7, 0, 1, 1, 1, 4, 0, 0, 2, 1, 0, 1, 5, 1, 1, 1, 1, 7, 8, 0, 7, 7, 4, 1, 1, 5, 4, 2, 8, 0, 2, 1, 0, 0, 7, 2, 0, 7, 2, 5, 0, 1, 2, 2, 1, 1, 7, 1, 2, 4, 5, 1, 5, 0, 0, 1, 5, 5, 5, 2, 7, 5, 7, 5, 1, 8, 0, 4, 7, 7, 0]","{0: [0.4166666666666667, 0.44871794871794873, 0.43209876543209874], 1: [0.36585365853658536, 0.5487804878048781, 0.43902439024390244], 2: [0.17391304347826086, 0.23529411764705882, 0.2], 3: [0.3333333333333333, 0.11538461538461539, 0.17142857142857143], 4: [0.5384615384615384, 0.4375, 0.4827586206896552], 5: [0.5098039215686274, 0.3939393939393939, 0.4444444444444444], 6: [0.5, 0.06666666666666667, 0.11764705882352941], 7: [0.5256410256410257, 0.5125, 0.5189873417721519], 8: [0.2692307692307692, 0.21875, 0.2413793103448276]}"
3,roberta,[],"[1, 1, 2, 3, 1.33, 1.33, 5, 1, 2.5]",39.069,39.069,"[0, 4, 2, 0, 7, 5, 1, 2, 7, 7, 4, 0, 1, 5, 4, 6, 7, 8, 0, 5, 1, 7, 7, 5, 0, 1, 7, 7, 4, 8, 7, 1, 6, 4, 7, 5, 1, 0, 0, 7, 7, 3, 3, 2, 1, 3, 4, 2, 4, 7, 2, 1, 2, 7, 7, 7, 7, 1, 7, 1, 3, 1, 5, 2, 5, 4, 7, 5, 0, 0, 0, 0, 7, 8, 1, 4, 3, 2, 7, 4, 4, 2, 2, 0, 5, 6, 5, 5, 1, 2, 7, 5, 4, 2, 5, 0, 6, 7, 7, 5, 1, 5, 4, 7, 4, 7, 5, 7, 2, 0, 0, 7, 2, 1, 7, 0, 6, 0, 5, 7, 1, 4, 1, 4, 4, 7, 4, 6, 0, 7, 5, 7, 0, 0, 2, 1, 0, 0, 1, 0, 5, 5, 2, 4, 0, 7, 5, 0, 2, 1, 4, 4, 2, 2, 1, 3, 3, 1, 1, 5, 3, 3, 7, 0, 1, 0, 2, 0, 0, 1, 4, 1, 8, 4, 4, 2, 0, 7, 4, 7, 1, 7, 3, 4, 6, 7, 4, 5, 5, 2, 3, 1, 0, 0, 7, 7, 5, 7, 4, 4, 1, 1, 3, 3, 4, 8, 1, 1, 5, 5, 8, 7, 8, 2, 7, 4, 4, 0, 2, 0, 2, 5, 1, 1, 7, 4, 0, 2, 7, 4, 0, 1, 2, 2, 5, 4, 2, 1, 0, 3, 2, 2, 5, 2, 7, 5, 5, 2, 1, 0, 1, 1, 8, 4, 1, 8, 0, 3, 4, 1, 6, 1, 1, 8, 5, 0, 0, 4, 7, 0, 4, 5, 5, 2, 5, 7, 0, 1, 1, 5, 1, 2, 0, 4, 8, 5, 6, 8, 7, 1, 1, 4, 1, 5, 0, 2, 1, 8, 1, 4, 3, 1, 0, 7, 8, 4, 0, 4, 3, 6, 7, 1, 1, 4, 0, 5, 2, 2, 7, 0, 0, 8, 4, 1, 8, 7, 1, 4, 7, 8, 8, 7, 7, 4, 3, 1, 5, 2, 0, 2, 5, 7, 3, 4, 1, 4, 5, 8, 1, 1, 2, 5, 0, 0, 1, 1, 8, 8, 5, 7, 8, 8, 4, 0, 4, 5, 1, 8, 0, 7, 7, 7, 5, 1, 0, 1, 5, 2, 4, 1, 4, 2, 1, 3, 2, 8, 7, 0, 1, 1, 6, 7, 7, 5, 7, 8, 0, 5, 3, 1, 7, 5, 5, 7, 4, 6, 7, 5, 2, 1, 8, 3, 5, 7, 3, 0, 4, 4, 0, 6, 5, 2, 3, 0, 1, 5, 4, 4, 1, 0, 7, 1, 5, 3, 0, 5, 7, 2, 0, 1, 0, 5, 0, 0, 8, 7, 0, 5, 8, 2, 1, 0, 5, 0, 8, 0, 4, 6, 7, 1, 7, 0, 7, 8, 2, 5, 1, 2, 7, 0, 4, 5, 1, 0, 4, 2, 7, 5, 0, 7, 0, 6, 5, 0, 1, 7, 0, 3, 4, 8, 4, 1, 5, 1]","[0, 0, 7, 8, 7, 5, 1, 5, 7, 8, 1, 1, 4, 5, 4, 8, 7, 1, 0, 3, 8, 7, 2, 5, 0, 7, 7, 0, 4, 1, 7, 4, 0, 0, 4, 5, 0, 0, 1, 7, 4, 3, 8, 0, 1, 7, 1, 2, 0, 7, 1, 7, 1, 7, 7, 7, 8, 5, 5, 1, 8, 7, 1, 5, 5, 2, 3, 7, 4, 2, 2, 0, 7, 8, 1, 4, 2, 8, 7, 7, 1, 1, 2, 4, 1, 2, 8, 5, 1, 5, 0, 5, 2, 3, 5, 1, 5, 7, 2, 5, 1, 2, 7, 7, 0, 7, 5, 3, 2, 1, 7, 8, 1, 1, 7, 0, 7, 0, 1, 7, 5, 4, 7, 4, 4, 8, 5, 1, 0, 7, 0, 8, 8, 0, 1, 7, 0, 7, 1, 1, 5, 5, 7, 4, 5, 5, 5, 7, 2, 4, 4, 5, 5, 7, 7, 3, 0, 1, 7, 8, 5, 7, 7, 7, 1, 1, 8, 2, 0, 8, 1, 1, 7, 1, 7, 7, 4, 7, 4, 0, 1, 1, 0, 4, 5, 7, 0, 5, 7, 5, 4, 1, 0, 0, 7, 5, 0, 7, 0, 4, 7, 1, 5, 4, 5, 0, 1, 7, 5, 5, 7, 7, 2, 0, 7, 8, 4, 0, 0, 0, 7, 5, 1, 7, 7, 8, 3, 4, 7, 4, 0, 1, 7, 0, 5, 7, 8, 0, 0, 5, 2, 8, 5, 0, 7, 5, 7, 5, 0, 0, 5, 1, 7, 1, 8, 0, 4, 8, 8, 1, 0, 8, 1, 1, 0, 7, 0, 3, 2, 2, 4, 5, 2, 4, 5, 7, 0, 1, 0, 5, 1, 0, 0, 7, 8, 5, 2, 4, 5, 1, 7, 8, 4, 2, 6, 5, 2, 1, 7, 4, 3, 0, 0, 4, 8, 1, 1, 3, 0, 2, 3, 7, 7, 3, 0, 7, 5, 2, 7, 0, 3, 8, 0, 1, 0, 0, 1, 1, 7, 0, 4, 5, 7, 4, 1, 5, 5, 2, 0, 4, 7, 7, 7, 3, 1, 1, 7, 8, 1, 7, 1, 0, 7, 8, 2, 1, 8, 8, 7, 7, 1, 1, 0, 0, 4, 2, 1, 2, 0, 7, 7, 7, 5, 1, 0, 4, 0, 4, 3, 7, 0, 0, 1, 2, 5, 1, 2, 1, 1, 5, 7, 7, 3, 2, 1, 1, 2, 5, 3, 1, 1, 7, 5, 5, 7, 0, 7, 1, 7, 0, 0, 3, 5, 7, 3, 1, 7, 7, 5, 5, 0, 0, 0, 0, 1, 4, 4, 8, 2, 0, 0, 4, 1, 5, 6, 7, 3, 0, 1, 1, 1, 4, 0, 1, 4, 7, 1, 2, 2, 0, 0, 0, 5, 0, 5, 0, 4, 1, 5, 1, 7, 0, 0, 8, 7, 7, 1, 7, 0, 1, 4, 5, 4, 0, 3, 1, 7, 5, 4, 5, 1, 0, 1, 0, 0, 7, 7, 8, 4, 0, 1, 2, 2, 7]","{0: [0.4065934065934066, 0.47435897435897434, 0.4378698224852071], 1: [0.4157303370786517, 0.45121951219512196, 0.4327485380116959], 2: [0.1891891891891892, 0.13725490196078433, 0.1590909090909091], 3: [0.2857142857142857, 0.23076923076923078, 0.2553191489361702], 4: [0.44680851063829785, 0.328125, 0.3783783783783784], 5: [0.47761194029850745, 0.48484848484848486, 0.48120300751879697], 6: [0.0, 0.0, 0.0], 7: [0.4326923076923077, 0.5625, 0.4891304347826087], 8: [0.2222222222222222, 0.25, 0.23529411764705882]}"
4,electra,[],[],29.555,29.555,"[2, 0, 7, 2, 5, 0, 0, 5, 6, 7, 5, 3, 6, 1, 5, 2, 0, 1, 0, 7, 7, 1, 4, 4, 8, 4, 2, 1, 7, 2, 1, 0, 0, 0, 1, 7, 2, 4, 5, 0, 7, 6, 1, 4, 0, 5, 8, 7, 4, 5, 7, 1, 7, 2, 6, 0, 7, 1, 1, 4, 4, 4, 2, 1, 3, 4, 0, 7, 5, 0, 7, 4, 8, 7, 2, 1, 3, 0, 4, 1, 0, 2, 2, 1, 4, 4, 0, 6, 4, 1, 2, 1, 7, 2, 2, 5, 5, 1, 7, 2, 3, 1, 7, 0, 1, 3, 7, 4, 7, 5, 4, 1, 4, 2, 2, 0, 7, 5, 7, 1, 0, 5, 0, 7, 8, 3, 8, 0, 6, 7, 4, 5, 7, 2, 4, 7, 5, 7, 7, 7, 0, 8, 2, 3, 5, 0, 2, 4, 4, 7, 7, 7, 5, 4, 5, 5, 8, 1, 6, 7, 4, 1, 4, 0, 2, 5, 4, 2, 5, 6, 0, 0, 0, 7, 2, 5, 1, 2, 4, 8, 0, 4, 4, 1, 0, 1, 4, 1, 0, 1, 5, 7, 5, 2, 0, 0, 3, 0, 0, 1, 5, 2, 0, 4, 4, 7, 7, 7, 4, 7, 7, 5, 1, 1, 1, 0, 7, 1, 3, 7, 5, 4, 7, 7, 5, 5, 5, 5, 8, 4, 7, 5, 8, 1, 4, 8, 4, 2, 2, 0, 0, 5, 7, 2, 8, 0, 1, 7, 1, 5, 0, 5, 5, 3, 4, 1, 8, 8, 7, 2, 0, 1, 7, 7, 0, 4, 0, 5, 8, 1, 7, 6, 2, 5, 7, 8, 7, 0, 1, 3, 1, 7, 4, 1, 3, 1, 5, 0, 0, 5, 7, 3, 3, 2, 5, 5, 7, 1, 1, 4, 0, 1, 1, 3, 1, 8, 0, 5, 1, 3, 3, 7, 5, 6, 1, 0, 5, 8, 5, 7, 2, 7, 7, 1, 8, 8, 0, 3, 8, 5, 3, 4, 7, 0, 8, 4, 2, 5, 7, 0, 2, 5, 6, 4, 7, 1, 2, 1, 8, 1, 0, 0, 5, 0, 2, 2, 1, 0, 2, 5, 8, 0, 7, 2, 8, 2, 5, 0, 4, 0, 4, 8, 7, 0, 1, 4, 4, 1, 2, 2, 8, 0, 7, 1, 0, 0, 0, 3, 2, 5, 0, 1, 8, 2, 1, 6, 1, 7, 1, 1, 4, 7, 1, 7, 5, 5, 8, 1, 7, 5, 4, 4, 0, 2, 4, 1, 4, 0, 1, 1, 8, 5, 1, 0, 4, 7, 4, 4, 5, 7, 5, 7, 1, 7, 4, 1, 2, 4, 3, 8, 1, 5, 1, 1, 0, 7, 6, 0, 7, 3, 3, 7, 7, 7, 1, 5, 2, 6, 4, 4, 3, 7, 1, 2, 5, 3, 5, 6, 0, 1, 0, 0, 3, 2, 1, 0, 1, 5, 0, 4, 5, 0, 4, 5, 0, 7, 1, 0, 1, 4, 8, 1, 2, 4]","[5, 7, 7, 5, 0, 7, 7, 0, 0, 7, 5, 0, 0, 0, 2, 1, 0, 7, 5, 1, 0, 1, 7, 0, 1, 0, 5, 1, 0, 0, 1, 2, 0, 7, 0, 7, 0, 7, 7, 7, 7, 0, 5, 1, 0, 0, 7, 5, 5, 2, 7, 1, 0, 2, 0, 7, 0, 7, 1, 1, 0, 4, 5, 0, 1, 7, 0, 7, 5, 0, 7, 7, 7, 1, 1, 0, 2, 0, 5, 4, 0, 2, 1, 1, 7, 2, 5, 0, 0, 1, 0, 7, 7, 5, 7, 2, 7, 1, 7, 5, 7, 2, 7, 7, 0, 2, 1, 7, 0, 1, 7, 7, 5, 5, 5, 1, 0, 7, 7, 1, 7, 5, 1, 0, 0, 8, 8, 0, 7, 1, 8, 2, 0, 0, 0, 7, 1, 5, 0, 0, 0, 5, 7, 1, 7, 0, 1, 7, 1, 1, 7, 0, 1, 7, 5, 1, 0, 8, 2, 7, 1, 7, 0, 0, 5, 5, 4, 1, 7, 7, 0, 1, 5, 7, 1, 5, 7, 5, 7, 0, 1, 0, 5, 1, 0, 8, 7, 1, 0, 1, 7, 0, 1, 7, 0, 7, 0, 2, 0, 7, 1, 0, 0, 0, 7, 7, 7, 7, 0, 5, 7, 5, 0, 1, 5, 0, 0, 1, 0, 2, 5, 1, 1, 7, 0, 5, 5, 1, 7, 0, 7, 0, 7, 0, 7, 0, 0, 0, 0, 0, 0, 5, 7, 5, 0, 7, 2, 1, 0, 5, 2, 0, 5, 1, 0, 1, 1, 5, 7, 5, 5, 1, 1, 2, 0, 5, 0, 5, 0, 5, 0, 0, 5, 5, 1, 7, 0, 0, 1, 0, 7, 7, 8, 0, 0, 7, 0, 0, 0, 5, 7, 1, 1, 5, 7, 5, 5, 7, 5, 5, 5, 7, 1, 1, 0, 0, 7, 7, 1, 1, 5, 2, 5, 7, 7, 0, 4, 0, 7, 1, 5, 7, 1, 1, 5, 0, 5, 0, 7, 0, 2, 0, 0, 5, 0, 1, 5, 7, 0, 7, 0, 0, 2, 0, 7, 1, 0, 0, 5, 1, 0, 0, 5, 0, 2, 5, 1, 0, 5, 7, 2, 7, 0, 1, 0, 1, 0, 1, 8, 5, 7, 0, 1, 7, 1, 1, 1, 7, 1, 0, 5, 1, 7, 1, 5, 0, 0, 5, 5, 7, 0, 7, 0, 0, 7, 0, 0, 7, 5, 1, 1, 7, 0, 7, 0, 5, 1, 0, 7, 0, 7, 1, 0, 5, 1, 5, 7, 0, 5, 5, 0, 5, 5, 0, 7, 1, 0, 4, 1, 7, 5, 8, 1, 0, 7, 5, 2, 0, 0, 0, 1, 5, 7, 7, 0, 7, 5, 0, 7, 1, 5, 0, 7, 0, 0, 5, 0, 1, 7, 0, 2, 0, 0, 2, 5, 0, 1, 5, 1, 1, 7, 2, 7, 5, 7, 0, 7, 5, 0, 5, 5, 0, 7, 5, 7, 0, 7, 0, 1, 0, 8, 7, 7, 1]","{0: [0.27450980392156865, 0.5384615384615384, 0.36363636363636365], 1: [0.32608695652173914, 0.36585365853658536, 0.3448275862068966], 2: [0.19230769230769232, 0.09803921568627451, 0.12987012987012986], 3: [-1, 0.0, 0.0], 4: [0.6, 0.046875, 0.08695652173913043], 5: [0.3146067415730337, 0.42424242424242425, 0.36129032258064514], 6: [-1, 0.0, 0.0], 7: [0.3, 0.45, 0.36], 8: [0.2222222222222222, 0.0625, 0.0975609756097561]}"
5,electra,[],"[1, 1, 2, 3, 1.33, 1.33, 5, 1, 2.5]",25.709,25.709,"[4, 8, 5, 7, 0, 1, 5, 1, 3, 1, 2, 0, 0, 2, 1, 1, 8, 1, 1, 5, 2, 6, 1, 7, 4, 0, 0, 4, 7, 0, 2, 4, 2, 1, 0, 4, 7, 4, 4, 2, 5, 1, 5, 8, 0, 0, 8, 4, 7, 0, 1, 1, 5, 1, 0, 5, 3, 8, 2, 8, 0, 8, 1, 1, 4, 1, 4, 7, 1, 4, 1, 4, 2, 4, 4, 7, 0, 2, 7, 7, 2, 8, 5, 1, 5, 4, 0, 8, 0, 7, 7, 7, 4, 0, 7, 3, 0, 4, 7, 0, 1, 0, 0, 2, 2, 7, 8, 1, 2, 1, 0, 1, 0, 7, 4, 1, 6, 8, 0, 4, 0, 4, 7, 3, 4, 3, 5, 2, 1, 4, 5, 0, 5, 2, 1, 1, 1, 2, 7, 0, 4, 6, 5, 2, 2, 1, 7, 4, 0, 2, 5, 1, 0, 7, 2, 1, 7, 2, 8, 8, 2, 5, 3, 4, 3, 5, 7, 2, 1, 0, 4, 0, 1, 1, 7, 5, 7, 2, 1, 1, 4, 7, 7, 3, 1, 5, 7, 7, 1, 0, 3, 1, 4, 1, 5, 3, 0, 4, 1, 7, 6, 5, 2, 5, 7, 5, 1, 7, 4, 5, 4, 0, 4, 2, 4, 4, 8, 0, 1, 0, 5, 1, 1, 1, 7, 2, 1, 4, 1, 5, 5, 4, 7, 5, 0, 4, 2, 7, 1, 7, 0, 5, 3, 4, 5, 4, 0, 2, 7, 1, 0, 5, 0, 1, 1, 5, 4, 6, 0, 4, 0, 0, 0, 7, 1, 5, 7, 1, 7, 8, 5, 5, 1, 8, 3, 0, 1, 1, 4, 0, 0, 7, 0, 0, 4, 4, 5, 4, 0, 7, 3, 5, 1, 1, 4, 4, 4, 3, 7, 7, 7, 7, 8, 7, 0, 7, 1, 0, 2, 2, 0, 0, 1, 1, 2, 7, 6, 6, 0, 4, 0, 5, 5, 0, 7, 0, 4, 7, 0, 0, 1, 7, 7, 1, 3, 7, 1, 5, 7, 2, 4, 1, 4, 3, 5, 4, 6, 6, 0, 5, 6, 2, 3, 1, 7, 5, 3, 6, 7, 0, 7, 7, 8, 7, 2, 5, 7, 3, 1, 0, 7, 8, 1, 4, 5, 2, 0, 0, 4, 1, 5, 3, 7, 2, 2, 8, 4, 7, 5, 0, 7, 0, 0, 5, 5, 1, 1, 3, 8, 2, 0, 2, 3, 3, 2, 4, 6, 6, 2, 7, 1, 2, 8, 1, 2, 8, 0, 0, 2, 5, 5, 7, 0, 1, 7, 5, 5, 7, 1, 8, 4, 4, 7, 5, 2, 5, 8, 5, 3, 2, 0, 7, 4, 7, 0, 4, 5, 5, 1, 0, 6, 1, 7, 5, 0, 8, 8, 2, 7, 5, 4, 3, 7, 8, 0, 1, 2, 7, 7, 7, 4, 7, 8, 0, 1, 5, 2, 5, 3, 7, 7, 5, 1, 5, 5, 1, 6, 2, 4, 8, 8, 5, 8, 5]","[7, 0, 3, 3, 0, 7, 4, 7, 1, 0, 4, 5, 5, 5, 0, 1, 0, 5, 5, 5, 0, 5, 3, 7, 1, 5, 0, 5, 5, 0, 5, 0, 0, 5, 5, 5, 5, 0, 5, 5, 7, 1, 5, 5, 4, 1, 5, 7, 1, 0, 5, 7, 0, 3, 5, 5, 3, 5, 0, 7, 4, 3, 4, 5, 3, 4, 1, 7, 1, 4, 1, 1, 5, 0, 7, 5, 0, 5, 7, 3, 5, 0, 5, 3, 4, 5, 0, 0, 0, 7, 1, 0, 0, 0, 0, 5, 5, 5, 7, 0, 1, 5, 0, 8, 0, 4, 0, 3, 5, 7, 0, 0, 3, 0, 1, 7, 0, 1, 0, 4, 4, 0, 7, 0, 0, 4, 5, 5, 7, 4, 5, 7, 5, 5, 4, 5, 5, 0, 7, 5, 0, 0, 5, 0, 7, 5, 0, 7, 0, 5, 5, 0, 0, 5, 5, 0, 3, 5, 0, 0, 0, 5, 0, 0, 4, 7, 5, 0, 1, 0, 5, 5, 1, 0, 5, 0, 0, 5, 4, 0, 7, 4, 5, 5, 7, 5, 5, 0, 5, 0, 0, 0, 0, 7, 5, 0, 0, 5, 0, 5, 5, 3, 0, 5, 0, 5, 0, 3, 1, 4, 4, 0, 3, 5, 7, 7, 0, 0, 7, 7, 5, 3, 3, 7, 0, 5, 3, 4, 0, 7, 5, 1, 1, 5, 0, 0, 5, 0, 0, 0, 5, 4, 0, 5, 5, 4, 0, 0, 7, 3, 5, 0, 5, 1, 1, 5, 7, 0, 0, 7, 5, 0, 0, 0, 3, 5, 5, 7, 7, 0, 5, 5, 3, 3, 0, 0, 0, 0, 0, 0, 0, 7, 0, 0, 3, 7, 3, 0, 4, 4, 3, 5, 5, 7, 1, 4, 0, 3, 0, 0, 0, 3, 3, 7, 0, 7, 0, 0, 5, 5, 5, 0, 4, 3, 5, 4, 0, 0, 5, 0, 5, 4, 1, 5, 4, 0, 0, 1, 0, 0, 7, 7, 1, 5, 0, 0, 0, 5, 7, 2, 0, 0, 4, 5, 5, 0, 5, 5, 5, 0, 5, 1, 4, 0, 0, 5, 4, 0, 7, 6, 3, 4, 0, 0, 0, 7, 0, 4, 5, 0, 3, 5, 7, 0, 5, 5, 0, 3, 5, 3, 5, 5, 7, 5, 3, 5, 3, 4, 0, 7, 4, 1, 7, 5, 5, 0, 5, 5, 0, 0, 0, 5, 3, 4, 5, 4, 0, 0, 5, 4, 1, 3, 0, 0, 4, 0, 5, 0, 1, 3, 5, 4, 0, 0, 7, 0, 0, 3, 5, 0, 0, 0, 0, 7, 5, 5, 0, 5, 0, 5, 7, 3, 3, 7, 0, 0, 1, 5, 0, 5, 0, 5, 5, 4, 0, 3, 5, 0, 7, 5, 5, 0, 0, 0, 0, 0, 0, 1, 0, 7, 4, 7, 5, 5, 0, 0, 5, 7, 5, 0, 5, 5, 0, 5, 5, 4, 0, 5, 5, 4, 0, 6, 0, 7]","{0: [0.2529411764705882, 0.5512820512820513, 0.3467741935483871], 1: [0.3225806451612903, 0.12195121951219512, 0.17699115044247787], 2: [1.0, 0.0196078431372549, 0.038461538461538464], 3: [0.09523809523809523, 0.15384615384615385, 0.11764705882352941], 4: [0.2222222222222222, 0.15625, 0.1834862385321101], 5: [0.26573426573426573, 0.5757575757575758, 0.36363636363636365], 6: [0.0, 0.0, 0.0], 7: [0.3559322033898305, 0.2625, 0.302158273381295], 8: [0.0, 0.0, 0.0]}"
6,bert,"['spinoza', 'hegel', 'plato']",[],42.518,42.518,"[0, 0, 0, 5, 0, 0, 7, 0, 7, 1, 2, 5, 1, 1, 5, 1, 1, 1, 4, 0, 4, 2, 5, 4, 0, 7, 2, 1, 0, 0, 7, 0, 5, 2, 2, 1, 0, 2, 2, 5, 4, 5, 1, 4, 0, 2, 1, 0, 1, 5, 0, 5, 7, 7, 7, 7, 5, 1, 2, 0, 7, 0, 0, 5, 1, 0, 7, 2, 7, 2, 4, 0, 1, 7, 5, 2, 4, 7, 0, 1, 5, 1, 5, 4, 5, 5, 7, 7, 5, 7, 2, 0, 2, 2, 1, 0, 4, 7, 4, 1, 1, 5, 5, 7, 0, 7, 2, 0, 1, 2, 2, 4, 0, 0, 2, 5, 0, 5, 4, 7, 7, 0, 0, 5, 7, 0, 7, 4, 4, 0, 4, 7, 1, 7, 7, 4, 7, 0, 1, 5, 0, 7, 2, 4, 5, 2, 1, 4, 7, 5, 4, 2, 4, 5, 0, 4, 1, 1, 1, 1, 4, 1, 1, 4, 5, 2, 4, 0, 7, 5, 7, 1, 1, 4, 0, 5, 4, 1, 4, 1, 2, 4, 2, 1, 2, 0, 7, 7, 1, 5, 5, 4, 4, 1, 2, 0, 4, 5, 1, 0, 1, 1, 5, 2, 7, 1, 1, 5, 5, 7, 2, 5, 0, 0, 4, 2, 1, 0, 0, 7, 1, 7, 2, 2, 7, 1, 5, 5, 5, 7, 7, 7, 1, 4, 0, 7, 7, 0, 1, 7, 5, 2, 2, 1, 4, 5, 1, 5, 2, 5, 7, 0, 5, 2, 0, 0, 0, 1, 7, 0, 0, 2, 2, 7, 7, 1, 7, 4, 7, 0, 1, 2, 4, 5, 5, 5, 0, 7, 5, 1, 4, 0, 0, 0, 2, 7, 5, 4, 4, 0, 7, 7, 5, 2, 5, 1, 1, 7, 0, 7, 7, 0, 2, 2, 4, 7, 7, 4, 0, 4, 7, 1, 1, 0, 7, 5, 7, 4, 1, 4, 7, 0, 0, 1, 5, 4, 1, 0, 4, 5, 7, 4, 7, 7, 0, 5, 1, 5, 1, 1, 1, 4, 2, 1, 7, 5, 2, 7, 4, 7, 4, 1, 4, 5, 0, 5, 2, 0, 0, 1, 4, 1, 4, 1, 5, 7, 2, 4, 0, 0, 1, 1, 1, 2, 1, 2, 4, 7, 4, 1, 7, 0, 4, 7, 1, 7, 4, 4, 5, 5, 2, 7, 0, 7, 5, 4, 0, 5, 7, 0, 5, 4, 1, 0, 7, 7, 0, 1, 1, 1, 1, 4, 1, 1, 5, 4, 0, 1, 4, 7, 2]","[4, 4, 4, 1, 4, 1, 7, 1, 7, 1, 2, 7, 1, 1, 0, 7, 7, 7, 1, 4, 4, 0, 5, 1, 0, 1, 2, 1, 0, 4, 1, 0, 5, 5, 1, 1, 0, 5, 7, 5, 4, 7, 1, 4, 7, 7, 1, 1, 4, 5, 0, 4, 1, 1, 7, 7, 1, 1, 7, 0, 7, 0, 7, 5, 1, 7, 7, 5, 1, 4, 4, 1, 4, 7, 4, 2, 4, 0, 0, 4, 5, 7, 1, 4, 5, 5, 0, 1, 5, 7, 1, 1, 7, 4, 5, 7, 1, 7, 7, 1, 7, 5, 0, 7, 7, 0, 1, 0, 1, 1, 1, 0, 0, 1, 1, 0, 5, 5, 1, 7, 1, 0, 0, 5, 7, 1, 7, 4, 7, 7, 1, 7, 1, 1, 4, 7, 7, 1, 1, 7, 7, 7, 2, 4, 5, 7, 7, 4, 7, 5, 7, 5, 4, 7, 7, 1, 5, 1, 5, 0, 0, 1, 1, 7, 5, 5, 4, 1, 4, 7, 1, 1, 4, 1, 2, 5, 4, 4, 7, 1, 1, 4, 7, 1, 7, 4, 7, 7, 4, 7, 1, 1, 4, 7, 5, 7, 4, 5, 2, 1, 1, 7, 7, 1, 1, 5, 1, 0, 5, 7, 7, 5, 7, 1, 4, 1, 7, 7, 7, 7, 1, 7, 5, 4, 7, 5, 5, 1, 7, 7, 1, 5, 7, 4, 0, 7, 7, 7, 4, 7, 5, 7, 0, 1, 4, 5, 5, 5, 1, 5, 7, 1, 5, 4, 0, 7, 2, 1, 1, 0, 4, 5, 5, 7, 5, 1, 1, 4, 7, 0, 5, 4, 4, 5, 7, 5, 1, 0, 5, 1, 7, 0, 4, 7, 7, 7, 5, 1, 1, 7, 0, 7, 5, 1, 2, 1, 7, 2, 4, 0, 7, 0, 0, 1, 0, 7, 7, 7, 0, 7, 7, 1, 7, 0, 7, 7, 1, 4, 0, 1, 7, 0, 1, 1, 0, 0, 1, 1, 7, 0, 5, 1, 7, 4, 2, 4, 1, 5, 0, 1, 2, 7, 7, 5, 7, 5, 7, 7, 4, 7, 4, 7, 4, 1, 4, 5, 2, 4, 4, 2, 7, 1, 4, 1, 0, 2, 1, 4, 0, 1, 2, 5, 7, 4, 0, 0, 4, 0, 1, 7, 5, 1, 4, 7, 1, 1, 4, 1, 5, 7, 1, 7, 0, 7, 5, 4, 4, 5, 7, 7, 0, 1, 4, 7, 5, 2, 7, 7, 1, 4, 7, 7, 1, 7, 7, 1, 0, 7, 1, 7, 0]","{0: [0.46153846153846156, 0.3076923076923077, 0.36923076923076925], 1: [0.3490566037735849, 0.45121951219512196, 0.39361702127659576], 2: [0.3125, 0.09803921568627451, 0.14925373134328357], 3: [-1, -1, -1], 4: [0.46153846153846156, 0.46875, 0.46511627906976744], 5: [0.6, 0.5454545454545454, 0.5714285714285714], 6: [-1, -1, -1], 7: [0.38524590163934425, 0.5875, 0.46534653465346537], 8: [-1, -1, -1]}"
7,bert,"['spinoza', 'hegel', 'plato']","[1, 1, 2, 3, 1.33, 1.33, 5, 1, 2.5]",42.518,42.518,"[4, 1, 2, 5, 5, 4, 4, 7, 4, 7, 2, 0, 4, 5, 4, 1, 4, 7, 1, 5, 2, 0, 7, 0, 0, 5, 2, 7, 7, 5, 0, 4, 5, 7, 1, 2, 0, 0, 5, 7, 0, 1, 1, 5, 5, 7, 0, 4, 2, 1, 5, 7, 2, 5, 5, 0, 4, 2, 2, 0, 0, 1, 1, 7, 1, 7, 1, 0, 7, 0, 2, 1, 1, 4, 1, 7, 0, 5, 4, 1, 7, 5, 4, 1, 5, 0, 4, 7, 5, 1, 1, 5, 5, 7, 0, 1, 7, 1, 0, 2, 4, 1, 4, 5, 0, 0, 4, 4, 1, 4, 7, 2, 1, 1, 7, 0, 5, 7, 5, 5, 0, 0, 5, 0, 7, 1, 2, 7, 4, 5, 5, 4, 2, 0, 5, 1, 7, 4, 5, 1, 1, 2, 4, 2, 1, 1, 7, 0, 5, 4, 5, 5, 7, 0, 0, 1, 1, 2, 2, 7, 7, 7, 2, 1, 7, 4, 0, 1, 0, 2, 1, 2, 1, 5, 7, 5, 5, 1, 2, 5, 4, 5, 1, 1, 2, 1, 5, 5, 5, 7, 1, 4, 2, 5, 2, 2, 2, 4, 5, 1, 0, 4, 7, 7, 7, 7, 2, 7, 1, 2, 1, 7, 4, 7, 0, 7, 7, 4, 7, 0, 0, 7, 1, 4, 0, 2, 0, 4, 1, 4, 0, 4, 7, 2, 0, 1, 2, 4, 1, 0, 0, 7, 0, 5, 7, 1, 7, 2, 2, 4, 0, 0, 2, 0, 7, 7, 4, 7, 7, 7, 0, 1, 5, 5, 0, 1, 4, 7, 2, 7, 5, 4, 7, 1, 2, 7, 2, 5, 1, 4, 5, 4, 7, 5, 5, 0, 5, 0, 7, 1, 2, 0, 7, 0, 4, 4, 0, 4, 5, 0, 1, 5, 1, 1, 1, 1, 4, 0, 4, 2, 2, 7, 7, 4, 0, 0, 0, 0, 1, 2, 1, 5, 0, 0, 0, 7, 0, 1, 0, 1, 4, 7, 0, 7, 7, 1, 1, 1, 5, 1, 0, 7, 5, 5, 5, 1, 7, 4, 1, 0, 1, 7, 2, 1, 7, 2, 0, 5, 0, 1, 1, 4, 5, 4, 0, 1, 7, 5, 4, 0, 5, 0, 7, 0, 2, 7, 2, 7, 1, 0, 4, 5, 1, 7, 0, 5, 4, 2, 4, 0, 1, 4, 4, 1, 2, 7, 7, 5, 0, 5, 5, 7, 4, 0, 7, 1, 1, 2, 2, 4, 7, 4, 2, 4, 4, 4, 1, 7, 0, 0, 1]","[7, 1, 2, 5, 2, 5, 4, 7, 2, 7, 1, 0, 2, 2, 0, 2, 4, 1, 5, 4, 0, 2, 2, 0, 2, 5, 0, 2, 7, 0, 1, 2, 5, 5, 2, 2, 4, 2, 5, 0, 0, 5, 0, 5, 5, 2, 2, 4, 5, 1, 5, 7, 2, 5, 5, 5, 7, 0, 0, 1, 0, 2, 1, 2, 2, 7, 4, 0, 1, 0, 5, 4, 5, 4, 2, 5, 0, 5, 1, 1, 2, 5, 2, 2, 5, 0, 4, 7, 5, 7, 2, 5, 0, 7, 0, 0, 2, 1, 0, 2, 4, 1, 4, 5, 2, 4, 4, 4, 2, 7, 2, 5, 1, 5, 7, 5, 5, 5, 5, 5, 0, 0, 5, 5, 7, 0, 7, 2, 4, 2, 5, 4, 7, 0, 5, 0, 2, 4, 5, 5, 0, 4, 4, 0, 1, 4, 7, 0, 5, 5, 7, 5, 7, 0, 0, 5, 1, 2, 5, 7, 7, 0, 5, 7, 1, 7, 7, 7, 5, 2, 2, 2, 1, 7, 7, 2, 2, 7, 5, 0, 0, 5, 2, 0, 5, 0, 7, 5, 5, 7, 4, 1, 2, 2, 7, 1, 5, 4, 0, 5, 2, 4, 5, 2, 2, 7, 5, 2, 5, 4, 0, 7, 0, 7, 0, 7, 2, 7, 7, 0, 0, 2, 1, 0, 4, 5, 2, 4, 5, 0, 5, 1, 1, 2, 2, 1, 2, 0, 2, 0, 1, 0, 0, 2, 4, 4, 5, 2, 5, 7, 2, 2, 2, 0, 7, 7, 0, 2, 4, 7, 0, 2, 5, 5, 2, 1, 4, 2, 2, 7, 5, 4, 7, 4, 5, 5, 5, 5, 1, 4, 5, 7, 7, 5, 5, 2, 5, 0, 0, 1, 0, 2, 7, 0, 0, 4, 5, 0, 5, 2, 0, 2, 4, 5, 2, 5, 0, 2, 0, 0, 2, 7, 2, 5, 0, 4, 2, 5, 1, 0, 4, 0, 2, 4, 0, 7, 4, 2, 0, 4, 1, 5, 2, 2, 2, 2, 1, 1, 7, 5, 2, 7, 5, 5, 5, 2, 2, 4, 2, 0, 7, 7, 2, 5, 5, 4, 0, 5, 0, 2, 5, 0, 5, 1, 0, 2, 1, 4, 4, 0, 0, 4, 0, 0, 2, 2, 2, 2, 0, 7, 4, 5, 2, 4, 0, 5, 4, 5, 0, 0, 0, 4, 1, 5, 0, 0, 7, 7, 0, 5, 5, 2, 7, 0, 4, 7, 0, 0, 2, 5, 0, 0, 4, 5, 5, 4, 1, 4, 0, 5, 2]","{0: [0.4431818181818182, 0.5, 0.46987951807228917], 1: [0.5428571428571428, 0.23170731707317074, 0.3247863247863248], 2: [0.1935483870967742, 0.35294117647058826, 0.25], 3: [-1, -1, -1], 4: [0.49056603773584906, 0.40625, 0.4444444444444444], 5: [0.46875, 0.6818181818181818, 0.5555555555555556], 6: [-1, -1, -1], 7: [0.5714285714285714, 0.4, 0.47058823529411764], 8: [-1, -1, -1]}"
8,roberta,"['spinoza', 'hegel', 'plato']",[],46.081,46.081,"[7, 1, 2, 2, 0, 7, 1, 0, 4, 0, 5, 1, 0, 4, 5, 4, 5, 1, 7, 1, 7, 0, 7, 7, 7, 1, 5, 4, 4, 4, 4, 0, 0, 0, 7, 0, 2, 4, 1, 0, 4, 7, 7, 7, 2, 7, 2, 5, 4, 5, 4, 4, 5, 7, 1, 7, 4, 0, 0, 1, 0, 4, 1, 0, 0, 7, 0, 0, 7, 2, 5, 5, 7, 7, 5, 7, 4, 1, 1, 7, 1, 0, 1, 0, 0, 2, 0, 2, 2, 4, 0, 7, 1, 0, 0, 4, 0, 4, 1, 7, 0, 7, 1, 5, 5, 1, 1, 0, 5, 2, 4, 2, 7, 4, 0, 2, 0, 2, 1, 5, 7, 1, 1, 1, 2, 5, 2, 4, 1, 0, 0, 1, 2, 4, 2, 5, 0, 7, 5, 4, 2, 7, 2, 0, 4, 2, 7, 7, 5, 4, 5, 0, 4, 5, 1, 7, 4, 7, 0, 2, 7, 5, 7, 0, 0, 7, 7, 1, 2, 0, 4, 0, 0, 5, 0, 1, 5, 7, 5, 1, 0, 7, 0, 1, 0, 4, 4, 4, 1, 2, 4, 2, 2, 4, 4, 1, 5, 2, 7, 1, 1, 1, 0, 1, 2, 7, 1, 1, 0, 4, 7, 5, 1, 7, 0, 1, 5, 5, 5, 2, 1, 1, 7, 7, 4, 5, 1, 0, 1, 4, 1, 7, 1, 0, 2, 1, 2, 0, 0, 5, 0, 2, 1, 4, 4, 0, 5, 4, 4, 5, 5, 0, 1, 7, 4, 7, 2, 2, 7, 5, 5, 7, 0, 1, 1, 7, 4, 5, 5, 5, 0, 2, 2, 1, 5, 5, 7, 5, 2, 0, 7, 5, 1, 5, 4, 4, 7, 4, 1, 4, 5, 4, 7, 1, 1, 4, 0, 5, 5, 0, 7, 2, 0, 5, 0, 2, 7, 5, 1, 1, 7, 1, 7, 7, 5, 7, 1, 0, 2, 1, 4, 1, 7, 1, 4, 0, 5, 1, 0, 4, 4, 7, 7, 0, 5, 7, 1, 1, 7, 2, 4, 5, 1, 0, 2, 1, 0, 7, 5, 1, 5, 7, 2, 2, 5, 5, 7, 4, 7, 7, 4, 5, 7, 1, 5, 7, 0, 7, 4, 1, 1, 5, 2, 2, 5, 1, 7, 2, 4, 5, 4, 4, 7, 7, 0, 2, 7, 1, 5, 0, 5, 0, 0, 1, 7, 1, 1, 7, 4, 5, 4, 1, 1, 0, 4, 1, 2, 1, 7, 0, 2, 1, 2, 5, 4, 0, 7, 2, 0, 0, 0]","[2, 1, 7, 0, 2, 7, 0, 0, 7, 0, 5, 7, 0, 7, 5, 2, 5, 1, 7, 1, 0, 7, 0, 7, 5, 4, 7, 4, 7, 4, 0, 0, 1, 0, 7, 0, 7, 7, 1, 0, 0, 0, 5, 7, 4, 1, 0, 5, 0, 7, 0, 5, 1, 4, 1, 7, 0, 0, 7, 0, 1, 7, 2, 4, 0, 7, 7, 0, 1, 2, 5, 7, 7, 0, 5, 7, 7, 1, 1, 7, 1, 5, 2, 2, 1, 7, 0, 5, 5, 2, 7, 1, 1, 4, 5, 7, 7, 7, 1, 7, 2, 1, 1, 1, 5, 4, 1, 0, 2, 2, 0, 2, 1, 0, 1, 2, 0, 5, 0, 5, 1, 7, 5, 7, 7, 5, 0, 2, 1, 0, 4, 0, 5, 7, 5, 0, 0, 5, 5, 2, 5, 7, 4, 2, 4, 2, 7, 7, 1, 4, 5, 0, 7, 5, 1, 7, 4, 7, 1, 2, 1, 7, 7, 1, 0, 7, 0, 0, 2, 0, 1, 7, 0, 5, 0, 1, 5, 1, 5, 5, 0, 0, 0, 7, 1, 4, 5, 4, 1, 7, 0, 2, 7, 4, 4, 1, 0, 0, 1, 0, 1, 2, 0, 7, 2, 1, 1, 0, 4, 4, 0, 0, 0, 1, 0, 1, 5, 5, 5, 2, 0, 7, 1, 7, 4, 5, 0, 1, 0, 5, 1, 7, 1, 1, 4, 7, 7, 1, 0, 7, 4, 1, 1, 2, 4, 1, 1, 1, 7, 5, 0, 2, 1, 0, 7, 7, 2, 5, 4, 2, 0, 7, 0, 1, 1, 7, 4, 7, 5, 5, 0, 1, 7, 1, 5, 5, 1, 0, 1, 1, 7, 5, 0, 1, 1, 4, 1, 4, 2, 1, 5, 2, 7, 1, 7, 2, 0, 0, 5, 0, 7, 4, 0, 1, 4, 0, 2, 2, 7, 1, 7, 1, 7, 1, 5, 7, 7, 0, 0, 1, 4, 1, 0, 1, 4, 0, 0, 4, 0, 1, 4, 7, 7, 0, 1, 7, 4, 1, 7, 1, 4, 5, 1, 7, 0, 1, 0, 0, 4, 1, 2, 7, 1, 0, 1, 5, 5, 0, 1, 7, 4, 1, 2, 5, 1, 7, 0, 1, 4, 1, 1, 5, 5, 1, 7, 1, 5, 0, 1, 4, 4, 0, 5, 7, 0, 5, 1, 1, 5, 1, 1, 7, 4, 7, 7, 7, 1, 7, 5, 0, 1, 7, 0, 0, 0, 0, 0, 1, 7, 0, 2, 1, 0, 5, 4, 0, 7, 4, 0, 4, 2]","{0: [0.4270833333333333, 0.5256410256410257, 0.47126436781609193], 1: [0.4444444444444444, 0.5365853658536586, 0.4861878453038674], 2: [0.3333333333333333, 0.23529411764705882, 0.27586206896551724], 3: [-1, -1, -1], 4: [0.5227272727272727, 0.359375, 0.42592592592592593], 5: [0.5789473684210527, 0.5, 0.5365853658536586], 6: [-1, -1, -1], 7: [0.4606741573033708, 0.5125, 0.48520710059171596], 8: [-1, -1, -1]}"
9,roberta,"['spinoza', 'hegel', 'plato']","[1, 1, 2, 3, 1.33, 1.33, 5, 1, 2.5]",45.368,45.368,"[1, 7, 7, 7, 4, 0, 4, 1, 0, 0, 2, 7, 1, 1, 1, 2, 7, 5, 7, 5, 0, 1, 2, 0, 1, 0, 0, 5, 4, 4, 0, 7, 4, 7, 2, 7, 4, 4, 1, 1, 5, 4, 0, 1, 0, 1, 2, 4, 0, 7, 7, 5, 7, 1, 7, 1, 5, 0, 0, 1, 2, 0, 1, 2, 1, 0, 0, 0, 7, 4, 1, 4, 0, 0, 1, 2, 5, 4, 0, 2, 7, 7, 1, 5, 5, 4, 4, 7, 2, 4, 0, 5, 2, 5, 0, 2, 2, 1, 0, 5, 0, 1, 7, 4, 4, 4, 2, 1, 1, 5, 7, 1, 2, 7, 0, 2, 4, 7, 4, 1, 4, 2, 2, 7, 4, 0, 7, 7, 7, 7, 1, 0, 4, 0, 1, 0, 2, 0, 7, 7, 7, 0, 0, 2, 5, 0, 0, 0, 4, 1, 0, 1, 7, 1, 0, 7, 1, 0, 0, 4, 1, 1, 5, 5, 7, 5, 0, 4, 1, 1, 5, 1, 7, 1, 1, 7, 2, 1, 7, 4, 7, 2, 7, 1, 2, 7, 5, 5, 0, 7, 2, 7, 1, 0, 5, 4, 7, 1, 0, 1, 0, 0, 7, 0, 5, 4, 7, 1, 7, 0, 0, 1, 7, 0, 5, 5, 2, 5, 7, 7, 5, 5, 1, 0, 1, 5, 7, 4, 7, 7, 4, 5, 0, 1, 5, 4, 1, 1, 4, 5, 2, 5, 4, 5, 1, 1, 5, 4, 4, 0, 0, 5, 4, 1, 7, 4, 5, 0, 2, 1, 1, 4, 7, 4, 0, 7, 7, 5, 0, 4, 0, 1, 1, 1, 4, 5, 1, 5, 5, 1, 5, 2, 1, 1, 7, 4, 4, 2, 7, 4, 1, 5, 7, 2, 5, 7, 0, 4, 2, 1, 0, 2, 0, 7, 5, 1, 1, 4, 5, 5, 4, 1, 7, 5, 7, 7, 7, 5, 2, 4, 7, 1, 7, 0, 2, 7, 5, 7, 5, 5, 5, 0, 2, 1, 7, 5, 0, 4, 2, 5, 1, 1, 2, 5, 5, 1, 7, 2, 5, 4, 2, 1, 0, 0, 7, 4, 4, 5, 1, 0, 2, 1, 4, 0, 4, 0, 7, 2, 0, 2, 4, 0, 7, 1, 2, 4, 5, 0, 0, 5, 0, 1, 0, 0, 4, 2, 0, 2, 2, 4, 7, 1, 1, 7, 7, 4, 0, 1, 4, 4, 5, 7, 5, 1, 4, 5, 2, 2, 7, 0, 1, 2, 2, 7, 7, 5, 7, 5, 5, 4, 2]","[7, 4, 1, 0, 2, 7, 1, 2, 1, 7, 2, 7, 1, 4, 1, 7, 1, 2, 7, 1, 0, 1, 7, 0, 0, 0, 0, 7, 4, 2, 2, 1, 4, 5, 7, 7, 1, 4, 1, 7, 7, 2, 0, 1, 2, 1, 0, 4, 2, 1, 0, 2, 7, 0, 7, 1, 0, 1, 0, 1, 4, 1, 1, 1, 1, 7, 7, 0, 0, 4, 1, 7, 0, 0, 2, 7, 5, 4, 4, 1, 7, 2, 0, 5, 7, 4, 4, 2, 2, 7, 4, 4, 5, 1, 1, 2, 0, 1, 2, 4, 0, 7, 0, 0, 4, 4, 4, 1, 5, 4, 5, 1, 5, 7, 0, 4, 4, 1, 1, 1, 4, 2, 5, 7, 0, 4, 4, 7, 7, 7, 0, 0, 0, 4, 4, 7, 1, 0, 7, 4, 0, 5, 0, 5, 5, 4, 0, 0, 4, 1, 1, 7, 7, 1, 0, 4, 0, 0, 0, 7, 5, 7, 5, 5, 1, 2, 0, 0, 0, 1, 0, 2, 7, 2, 1, 5, 0, 7, 0, 4, 1, 0, 7, 7, 5, 1, 7, 7, 4, 7, 7, 7, 1, 7, 5, 4, 7, 1, 2, 1, 0, 0, 7, 7, 5, 4, 7, 1, 1, 1, 0, 1, 4, 0, 5, 5, 5, 5, 7, 5, 7, 2, 7, 0, 1, 1, 5, 7, 7, 7, 4, 5, 0, 5, 7, 2, 1, 0, 4, 0, 5, 7, 4, 5, 1, 2, 5, 2, 1, 0, 4, 0, 7, 7, 7, 4, 4, 7, 4, 0, 1, 4, 7, 4, 7, 7, 7, 5, 0, 7, 4, 1, 1, 4, 2, 5, 1, 5, 5, 2, 5, 7, 1, 1, 0, 4, 0, 4, 1, 4, 0, 0, 7, 1, 5, 5, 4, 7, 2, 1, 0, 5, 4, 4, 4, 1, 1, 0, 5, 0, 7, 2, 7, 5, 4, 7, 7, 5, 7, 1, 7, 1, 7, 0, 2, 7, 5, 4, 1, 5, 0, 4, 0, 2, 7, 7, 4, 4, 7, 5, 2, 7, 0, 5, 1, 2, 5, 0, 5, 2, 1, 7, 0, 4, 7, 1, 0, 5, 4, 0, 2, 4, 5, 5, 0, 5, 7, 5, 1, 0, 5, 1, 7, 7, 1, 5, 1, 0, 0, 1, 0, 7, 4, 0, 4, 7, 4, 5, 4, 4, 7, 1, 4, 7, 4, 2, 2, 1, 0, 4, 5, 1, 5, 4, 4, 5, 0, 4, 7, 0, 2, 2, 0, 7, 0, 5, 7, 5, 0, 4, 2]","{0: [0.4567901234567901, 0.47435897435897434, 0.46540880503144655], 1: [0.5064935064935064, 0.47560975609756095, 0.49056603773584906], 2: [0.225, 0.17647058823529413, 0.1978021978021978], 3: [-1, -1, -1], 4: [0.410958904109589, 0.46875, 0.43795620437956206], 5: [0.559322033898305, 0.5, 0.528], 6: [-1, -1, -1], 7: [0.4725274725274725, 0.5375, 0.5029239766081871], 8: [-1, -1, -1]}"
10,electra,"['spinoza', 'hegel', 'plato']",[],36.105,36.105,"[0, 2, 0, 1, 2, 5, 0, 4, 7, 5, 1, 7, 2, 7, 4, 4, 2, 5, 5, 5, 7, 4, 7, 0, 0, 7, 0, 0, 4, 2, 5, 0, 7, 0, 0, 1, 2, 7, 5, 0, 0, 1, 5, 2, 0, 5, 7, 7, 5, 2, 2, 4, 4, 2, 2, 0, 5, 1, 0, 7, 5, 4, 5, 5, 1, 4, 1, 0, 1, 4, 4, 1, 0, 2, 2, 5, 1, 7, 4, 7, 1, 2, 1, 4, 1, 1, 4, 7, 1, 4, 5, 7, 5, 4, 5, 0, 2, 2, 7, 7, 2, 0, 5, 5, 4, 1, 4, 7, 7, 1, 4, 7, 5, 4, 1, 1, 2, 2, 7, 0, 1, 5, 1, 7, 0, 0, 1, 5, 4, 0, 0, 0, 7, 7, 0, 4, 0, 4, 0, 7, 1, 7, 1, 4, 4, 5, 1, 4, 1, 7, 7, 0, 5, 1, 7, 2, 2, 0, 4, 0, 1, 1, 7, 4, 2, 7, 1, 0, 5, 7, 1, 5, 7, 1, 1, 1, 0, 7, 0, 0, 1, 7, 5, 0, 4, 2, 5, 1, 2, 5, 1, 7, 5, 7, 2, 7, 1, 7, 5, 0, 5, 1, 5, 0, 7, 7, 0, 1, 7, 7, 5, 1, 2, 4, 4, 1, 4, 0, 2, 0, 1, 2, 2, 0, 7, 7, 4, 0, 4, 7, 0, 5, 0, 0, 4, 7, 1, 7, 1, 1, 1, 1, 4, 1, 1, 5, 4, 4, 4, 0, 4, 4, 7, 1, 2, 0, 5, 5, 5, 0, 7, 4, 7, 1, 5, 0, 5, 7, 2, 2, 7, 2, 1, 7, 5, 7, 5, 4, 2, 5, 5, 1, 4, 4, 0, 1, 1, 1, 5, 7, 1, 0, 7, 5, 7, 5, 7, 7, 5, 7, 1, 7, 4, 2, 7, 1, 4, 1, 2, 4, 0, 2, 1, 1, 4, 5, 2, 7, 0, 1, 0, 4, 5, 5, 1, 5, 2, 1, 2, 1, 4, 7, 2, 2, 7, 0, 0, 0, 1, 0, 0, 4, 0, 1, 5, 7, 0, 7, 4, 4, 0, 0, 5, 1, 0, 5, 4, 0, 1, 4, 1, 0, 1, 1, 5, 0, 7, 5, 7, 4, 2, 2, 2, 7, 2, 2, 4, 0, 7, 1, 1, 5, 0, 0, 4, 5, 7, 4, 5, 2, 0, 7, 2, 0, 0, 1, 5, 2, 0, 0, 4, 1, 1, 0, 0, 5, 1, 1, 4, 1, 7, 2, 7, 7, 7, 4, 4, 5, 7, 7, 5]","[0, 0, 0, 4, 5, 7, 0, 1, 1, 0, 0, 7, 5, 1, 5, 1, 1, 5, 0, 5, 0, 4, 5, 1, 0, 1, 1, 0, 7, 5, 5, 0, 7, 0, 1, 0, 5, 7, 5, 1, 0, 1, 5, 0, 0, 5, 7, 7, 5, 0, 0, 0, 0, 0, 0, 5, 0, 0, 0, 1, 1, 0, 2, 7, 4, 7, 0, 0, 0, 4, 1, 0, 0, 0, 5, 5, 0, 1, 1, 4, 1, 0, 0, 1, 0, 7, 0, 1, 1, 4, 5, 7, 5, 5, 5, 5, 1, 5, 0, 1, 0, 0, 0, 1, 4, 1, 0, 1, 7, 1, 0, 5, 7, 0, 5, 7, 5, 0, 0, 0, 4, 0, 7, 1, 2, 0, 0, 1, 1, 0, 1, 5, 0, 7, 0, 4, 1, 0, 7, 0, 0, 5, 1, 0, 1, 5, 0, 4, 1, 0, 0, 4, 5, 1, 4, 5, 1, 5, 0, 1, 2, 1, 7, 0, 5, 7, 0, 4, 7, 7, 7, 5, 0, 1, 0, 1, 0, 1, 0, 0, 7, 1, 5, 7, 5, 1, 5, 1, 5, 0, 1, 7, 0, 5, 0, 7, 0, 7, 5, 0, 1, 1, 1, 0, 1, 1, 0, 1, 0, 7, 5, 1, 5, 0, 0, 0, 7, 0, 5, 1, 1, 5, 0, 1, 0, 0, 5, 0, 5, 1, 0, 5, 0, 0, 1, 0, 7, 1, 1, 0, 0, 0, 5, 7, 4, 5, 4, 4, 4, 0, 7, 7, 0, 1, 0, 0, 0, 0, 0, 0, 7, 7, 0, 0, 0, 5, 1, 0, 5, 1, 1, 1, 7, 1, 5, 5, 0, 4, 5, 5, 5, 0, 0, 0, 0, 1, 0, 1, 0, 7, 0, 0, 0, 5, 4, 5, 0, 4, 5, 1, 4, 1, 1, 0, 7, 0, 0, 0, 4, 0, 0, 5, 7, 0, 0, 5, 5, 4, 0, 0, 0, 1, 5, 0, 1, 5, 0, 1, 1, 1, 5, 2, 0, 0, 1, 0, 1, 5, 5, 0, 0, 7, 1, 1, 5, 5, 0, 7, 7, 0, 0, 5, 1, 0, 0, 5, 0, 4, 1, 5, 4, 0, 0, 5, 0, 0, 1, 1, 0, 0, 1, 1, 0, 7, 0, 0, 4, 0, 0, 5, 0, 5, 0, 0, 4, 0, 5, 4, 0, 0, 0, 7, 0, 0, 0, 0, 0, 2, 0, 0, 0, 1, 0, 1, 0, 5, 0, 1, 0, 1, 0, 0, 0, 0, 7, 0, 0, 5, 0, 0, 1]","{0: [0.30113636363636365, 0.6794871794871795, 0.41732283464566927], 1: [0.32222222222222224, 0.35365853658536583, 0.3372093023255814], 2: [0.2, 0.0196078431372549, 0.03571428571428571], 3: [-1, -1, -1], 4: [0.4642857142857143, 0.203125, 0.2826086956521739], 5: [0.44155844155844154, 0.5151515151515151, 0.4755244755244755], 6: [-1, -1, -1], 7: [0.4888888888888889, 0.275, 0.352], 8: [-1, -1, -1]}"
11,electra,"['spinoza', 'hegel', 'plato']","[1, 1, 2, 3, 1.33, 1.33, 5, 1, 2.5]",35.154,35.154,"[2, 5, 0, 0, 7, 7, 0, 1, 7, 7, 4, 0, 7, 0, 1, 7, 2, 1, 0, 7, 2, 0, 2, 4, 0, 5, 4, 4, 5, 7, 0, 1, 7, 1, 5, 7, 0, 4, 5, 0, 1, 1, 0, 0, 7, 5, 1, 5, 2, 0, 2, 4, 0, 5, 1, 5, 7, 5, 4, 7, 0, 0, 7, 2, 0, 0, 1, 7, 1, 5, 7, 5, 5, 0, 1, 7, 1, 2, 5, 7, 0, 2, 7, 4, 4, 4, 4, 1, 0, 0, 7, 0, 4, 4, 2, 7, 0, 1, 7, 7, 1, 1, 5, 1, 0, 2, 0, 5, 1, 7, 2, 0, 2, 4, 0, 7, 2, 1, 1, 1, 1, 0, 1, 0, 4, 2, 5, 5, 2, 1, 1, 7, 0, 0, 5, 2, 7, 2, 0, 1, 2, 2, 0, 4, 0, 4, 0, 7, 0, 4, 7, 0, 1, 0, 1, 1, 4, 0, 2, 7, 4, 2, 1, 0, 5, 7, 5, 0, 5, 0, 5, 5, 1, 1, 7, 0, 0, 4, 7, 2, 4, 0, 1, 1, 1, 0, 7, 0, 7, 2, 1, 4, 1, 0, 5, 0, 7, 2, 5, 2, 4, 0, 0, 4, 4, 5, 7, 1, 2, 0, 7, 0, 4, 1, 4, 7, 5, 4, 7, 7, 2, 7, 7, 5, 5, 1, 0, 4, 7, 5, 0, 5, 2, 1, 2, 7, 2, 4, 1, 0, 4, 0, 4, 4, 7, 7, 2, 0, 1, 4, 7, 1, 1, 0, 4, 4, 5, 7, 4, 4, 1, 4, 1, 7, 4, 7, 4, 1, 7, 2, 1, 0, 7, 0, 1, 7, 1, 7, 7, 7, 2, 1, 1, 7, 1, 4, 4, 1, 5, 1, 7, 1, 1, 4, 1, 1, 1, 0, 0, 0, 5, 4, 1, 4, 2, 1, 5, 2, 4, 2, 1, 7, 5, 4, 5, 0, 4, 0, 5, 1, 7, 2, 7, 5, 1, 1, 5, 4, 4, 2, 7, 4, 2, 5, 0, 1, 7, 0, 4, 7, 5, 5, 1, 2, 5, 5, 7, 4, 0, 2, 5, 7, 1, 0, 5, 1, 2, 5, 2, 7, 1, 5, 5, 5, 0, 2, 7, 2, 7, 7, 4, 4, 4, 1, 4, 7, 2, 2, 4, 5, 7, 4, 1, 0, 5, 5, 2, 7, 0, 7, 7, 7, 0, 7, 5, 5, 7, 5, 1, 1, 5, 1, 5, 5, 1, 0, 4, 1, 4, 5, 0, 5, 5, 7, 2, 4, 2, 5, 1, 1, 5]","[5, 5, 1, 0, 4, 1, 1, 1, 7, 1, 5, 4, 1, 1, 7, 1, 2, 1, 1, 1, 2, 5, 0, 7, 1, 1, 1, 7, 5, 5, 0, 7, 5, 1, 5, 1, 0, 0, 1, 7, 1, 5, 0, 0, 1, 1, 1, 0, 5, 0, 0, 0, 4, 5, 0, 4, 7, 0, 4, 1, 0, 0, 1, 7, 0, 7, 0, 2, 1, 1, 5, 1, 1, 0, 1, 7, 1, 7, 1, 7, 0, 0, 7, 0, 5, 1, 1, 0, 1, 7, 7, 1, 4, 1, 5, 7, 0, 5, 7, 7, 4, 1, 7, 1, 7, 5, 5, 5, 1, 1, 4, 0, 0, 4, 0, 5, 1, 7, 1, 7, 1, 1, 5, 7, 4, 0, 1, 0, 5, 1, 7, 7, 0, 2, 5, 1, 7, 1, 0, 1, 7, 5, 4, 7, 1, 4, 1, 5, 1, 0, 1, 1, 1, 0, 5, 1, 4, 4, 5, 7, 1, 7, 0, 5, 5, 0, 5, 1, 5, 1, 5, 0, 1, 1, 1, 0, 1, 7, 1, 0, 0, 0, 4, 0, 7, 1, 1, 0, 5, 1, 7, 7, 1, 1, 0, 7, 1, 5, 4, 5, 7, 7, 5, 1, 7, 1, 1, 1, 0, 1, 5, 0, 0, 0, 0, 5, 5, 0, 1, 7, 5, 1, 1, 1, 5, 5, 0, 0, 7, 1, 0, 5, 5, 5, 5, 1, 5, 4, 0, 1, 4, 1, 4, 0, 1, 1, 1, 1, 1, 4, 1, 1, 1, 7, 1, 0, 5, 7, 4, 1, 0, 7, 7, 5, 7, 5, 1, 7, 0, 5, 2, 0, 1, 0, 1, 7, 1, 7, 7, 1, 1, 1, 7, 1, 1, 1, 1, 1, 5, 1, 1, 1, 1, 5, 1, 1, 4, 0, 0, 0, 5, 7, 1, 1, 7, 0, 1, 5, 1, 1, 1, 1, 5, 5, 4, 2, 4, 1, 7, 0, 1, 1, 7, 5, 0, 5, 0, 7, 1, 5, 7, 1, 1, 0, 0, 1, 0, 5, 1, 5, 5, 5, 0, 5, 5, 0, 7, 1, 5, 5, 0, 1, 0, 4, 5, 1, 5, 1, 5, 7, 0, 5, 7, 5, 5, 1, 1, 1, 4, 4, 0, 7, 5, 0, 0, 0, 5, 0, 4, 5, 1, 4, 1, 0, 5, 5, 4, 7, 5, 1, 0, 7, 0, 1, 5, 5, 1, 7, 1, 1, 5, 0, 5, 7, 1, 0, 1, 0, 1, 5, 1, 7, 5, 5, 1, 1, 1, 2, 5, 1, 7]","{0: [0.38095238095238093, 0.41025641025641024, 0.3950617283950617], 1: [0.2925170068027211, 0.524390243902439, 0.37554585152838427], 2: [0.2857142857142857, 0.0392156862745098, 0.06896551724137931], 3: [-1, -1, -1], 4: [0.4666666666666667, 0.21875, 0.2978723404255319], 5: [0.3793103448275862, 0.5, 0.43137254901960786], 6: [-1, -1, -1], 7: [0.36363636363636365, 0.3, 0.3287671232876712], 8: [-1, -1, -1]}"
